ID,NUME,RATING
1,BELLA,4
2,BUDDY,1
3,MAX,1
4,SADIE,2
5,LUCY,4
6,BAILEY,3
7,DAISY,3
8,LUNA,1
9,CHARLIE,4
10,MAGGIE,3
11,MOLLY,3
12,COOPER,1
13,GINGER,1
14,JACK,4
15,WILLOW,5
16,ABBY,1
17,BEAR,3
18,LILY,2
19,DUKE,1
20,KODA,4
21,ROCKY,4
22,CHLOE,4
23,KENAI,2
24,HARLEY,5
25,DENALI,1
26,TOBY,1
27,JAKE,5
28,LOKI,5
29,RUBY,3
30,ROXY,4
31,LUCKY,2
32,PENNY,5
33,RILEY,5
34,SHADOW,1
35,SOPHIE,1
36,LOLA,1
37,ROSIE,4
38,PEPPER,2
39,COCO,5
40,GUS,1
41,LADY,3
42,BANDIT,2
43,GRACIE,4
44,JASPER,5
45,PIPER,5
46,STELLA,4
47,YUKON,1
48,ZOEY,4
49,ANNIE,4
50,BUSTER,4
51,SAM,2
52,MARLEY,3
53,SCOUT,3
54,BENTLEY,3
55,DIESEL,3
56,KONA,1
57,RUGER,3
58,THOR,3
59,ZEUS,2
60,ATHENA,1
61,ELLIE,2
62,FINN,2
63,LILLY,5
64,MILO,3
65,TITAN,3
66,BLUE,4
67,DAKOTA,1
68,KISKA,3
69,LEO,3
70,MINNIE,2
71,MURPHY,1
72,OSCAR,3
73,SASHA,2
74,TUCKER,4
75,KODIAK,1
76,LOUIE,4
77,NALA,3
78,OLIVER,3
79,RANGER,1
80,WINSTON,5
81,ZOE,5
82,ANGEL,4
83,BAXTER,2
84,EMMA,1
85,GIZMO,1
86,HAZEL,5
87,CHANCE,2
88,CHEWY,2
89,HUNTER,2
90,JACKSON,2
91,MADDIE,4
92,OTIS,3
93,RAVEN,3
94,TEDDY,5
95,BO,4
96,JAX,5
97,JUNO,5
98,ROSCOE,2
99,SUGAR,5
100,DEXTER,2
101,DOZER,1
102,HENRY,5
103,LUKE,3
104,MIA,1
105,MISSY,1
106,MISTY,1
107,NOVA,2
108,OLIVE,4
109,PEANUT,2
110,PRINCESS,3
111,TAZ,1
112,ASPEN,1
113,COPPER,1
114,DIXIE,4
115,HANK,2
116,IZZY,1
117,KATIE,1
118,LEXI,4
119,LULU,3
120,MOOSE,5
121,OLLIE,3
122,SANDY,3
123,SMOKEY,5
124,STORMY,3
125,TANK,2
126,ACE,3
127,APOLLO,3
128,AURORA,3
129,BELLE,5
130,BOO,5
131,CODY,3
132,JOEY,4
133,KOBUK,1
134,MAYA,1
135,MISHKA,3
136,SAMMY,1
137,SITKA,3
138,SPARKY,4
139,SUNNY,4
140,BOOMER,3
141,CHICO,5
142,FRANKIE,3
143,HONEY,2
144,KING,2
145,OAKLEY,1
146,ROMEO,1
147,RUSTY,3
148,SPIKE,5
149,TYSON,2
150,ARCHIE,3
151,BABY,1
152,BEAU,3
153,BRUNO,3
154,BRUTUS,4
155,CALLIE,5
156,CASSIE,2
157,COCOA,2
158,DALLAS,1
159,DESHKA,1
160,GEORGE,2
161,GUNNER,1
162,KOA,1
163,MAXIMUS,1
164,MICKEY,4
165,ODIE,4
166,OREO,5
167,PEARL,1
168,PHOEBE,4
169,REX,5
170,RIPLEY,1
171,RIVER,5
172,SCOOTER,1
173,SCRAPPY,1
174,YUKI,5
175,ZIGGY,4
176,BRODY,4
177,BUBBA,5
178,CHENA,3
179,COOKIE,3
180,DIAMOND,2
181,HOLLY,4
182,HOMER,3
183,HOPE,5
184,KARMA,4
185,KINLEY,4
186,LAYLA,3
187,MOJO,4
188,NELLIE,3
189,OTTO,3
190,POPPY,2
191,PORTER,2
192,REMINGTON,5
193,REMY,4
194,ROO,3
195,RUDY,1
196,RUFUS,5
197,RYDER,1
198,SAMPSON,1
199,XENA,4
200,ALLIE,5
201,ANGUS,1
202,CALI,1
203,COSMO,1
204,CRICKET,5
205,DAISY MAE,2
206,DUSTY,3
207,GIGI,5
208,ISABELLA,3
209,IVY,4
210,JASMINE,3
211,JOSIE,4
212,KAI,5
213,KAISER,2
214,KIKI,2
215,KIRA,4
216,MACY,2
217,MASON,1
218,MATTIE,1
219,MAVERICK,3
220,MCKINLEY,5
221,MIDNIGHT,4
222,NINA,2
223,ODIN,2
224,ONYX,1
225,RASCAL,5
226,SHILOH,5
227,SNICKERS,4
228,SYDNEY,3
229,TIMBER,2
230,TROOPER,1
231,WATSON,4
232,ZEKE,5
233,ARLO,1
234,AXEL,4
235,BABY GIRL,1
236,BANJO,3
237,BEN,2
238,BERNIE,3
239,BRUCE,1
240,CHIEF,5
241,CHINOOK,4
242,DAWSON,3
243,DIEGO,3
244,ELSA,3
245,FIONA,1
246,FOXY,2
247,GOLDIE,5
248,HANNAH,5
249,JADE,4
250,KITA,3
251,KOKO,3
252,LEIA,3
253,LOGAN,1
254,MADDY,1
255,MAUI,5
256,MILLIE,3
257,MISKA,2
258,MOCHA,4
259,PENELOPE,2
260,PIXIE,1
261,RAIDER,4
262,REMI,2
263,ROCCO,1
264,ROWDY,5
265,ROXIE,2
266,SALLY,5
267,SARA,5
268,SARGE,4
269,SASSY,1
270,SHEBA,5
271,STANLEY,2
272,SWEETIE,1
273,THUNDER,4
274,TILLY,4
275,TITUS,3
276,TRIXIE,5
277,WRIGLEY,3
278,ZIVA,5
279,ABIGAIL,4
280,ACHILLES,5
281,ALI,2
282,ATLAS,3
283,BARLEY,4
284,BLAZE,1
285,BOBBY,3
286,BOLT,5
287,BOOTS,5
288,BOWSER,2
289,BRISTOL,5
290,CASH,3
291,CHARLEY,5
292,CHEVY,2
293,CHICA,3
294,CHIP,2
295,DASH,5
296,DOC,1
297,DUTCH,5
298,EDDIE,3
299,ELLA,4
300,ELVIS,5
301,FINLEY,5
302,FRANK,3
303,FREYA,1
304,FRITZ,5
305,FRODO,1
306,GERTIE,5
307,GRACE,5
308,GRIZZLY,3
309,HERCULES,1
310,INDY,5
311,ISIS,1
312,JAGER,4
313,JAXX,2
314,JAZZ,4
315,JETHRO,3
316,JOE,2
317,KAYA,1
318,KETA,5
319,LILA,3
320,MOKI,5
321,NUGGET,3
322,OZZY,5
323,PARKER,4
324,PRINCE,2
325,RED,2
326,RIO,5
327,ROCKET,3
328,SAMANTHA,2
329,SCOOBY,4
330,SHERMAN,3
331,SIMBA,2
332,SKIPPY,1
333,STAR,2
334,SWEET PEA,5
335,TALLULAH,2
336,TIGER,4
337,TUFFY,4
338,TURBO,2
339,WHISKEY,4
340,ABBIE,3
341,ADDIE,3
342,AJAX,5
343,ALICE,1
344,AMBER,4
345,BABE,2
346,BENNY,1
347,BOB,1
348,BODHI,1
349,BRANDY,1
350,BRODIE,5
351,CAESAR,1
352,CASEY,2
353,CHAI,4
354,CHARLOTTE,1
355,CHASE,2
356,CINDER,4
357,CINNAMON,2
358,COAL,5
359,COMET,2
360,DAPHNE,4
361,DAX,3
362,DELILAH,2
363,DOBBY,5
364,DRAKE,4
365,DUDE,5
366,EMBER,3
367,EVA,2
368,FANCY,4
369,GOOSE,3
370,GYPSY,1
371,HATCHER,5
372,HEIDI,3
373,JENNY,4
374,JESSE,5
375,JOY,5
376,KANE,2
377,KIMBER,4
378,KOBE,5
379,LENNY,4
380,LINCOLN,1
381,LUKA,4
382,MABEL,1
383,MADISON,3
384,MAJOR,2
385,MATILDA,1
386,MILA,3
387,MILEY,2
388,MIMI,1
389,MORGAN,5
390,NANOOK,5
391,NIKKI,1
392,NUKKA,4
393,OBI,2
394,PANDA,1
395,PAPI,4
396,PATCH,4
397,PEACHES,5
398,PERCY,4
399,QUINN,1
400,RADAR,2
401,REBEL,4
402,REGGIE,4
403,RICO,3
404,ROGER,4
405,ROSE,1
406,SHELBY,1
407,SIERRA,1
408,SIMON,5
409,SKYE,3
410,SOPHIA,1
411,SUMMER,5
412,TINKERBELL,4
413,TONKA,3
414,TORI,1
415,TRAPPER,4
416,TRIGGER,2
417,TRINITY,3
418,TUNDRA,2
419,VIOLET,5
420,WINNIE,5
421,YODA,2
422,ZELDA,2
423,JUNE,5
424,ADAK,3
425,ALEX,5
426,ALYESKA,3
427,ARES,4
428,ASHA,1
429,ASHER,2
430,ASTRO,1
431,AUTUMN,5
432,AVA,5
433,AXLE,4
434,AYLA,5
435,BALOO,5
436,BARKLEY,2
437,BAUER,4
438,BETTY,5
439,BINDI,3
440,BINGO,2
441,BISCUIT,1
442,BJORN,3
443,BONNIE,2
444,BOOGIE,1
445,BROWNIE,5
446,BUCK,3
447,BULLET,5
448,BUSTER BROWN,3
449,BUZZ,2
450,CASPER,3
451,CECIL,4
452,CHEWBACCA,3
453,CHOPPER,4
454,CLEO,3
455,CLOVER,4
456,COHO,1
457,CORA,5
458,COWBOY,1
459,DEUCE,5
460,DINGO,3
461,DJ,1
462,DOLLY,5
463,DUDLEY,1
464,EASTON,5
465,EMMETT,1
466,ENZO,5
467,FELIX,4
468,FENWAY,5
469,FLUFFY,3
470,FRECKLES,1
471,FRED,3
472,FREDDIE,5
473,GABBY,4
474,GALENA,1
475,GINNY,2
476,GLORY,4
477,GROOT,2
478,HAILEY,4
479,HAPPY,5
480,HARLOW,5
481,HARVEY,2
482,HERO,2
483,HOSS,5
484,HUDSON,4
485,INDIE,1
486,INDIGO,3
487,IRIS,3
488,JAEGER,4
489,JAXON,2
490,JILL,1
491,JIMMY,1
492,JJ,2
493,JOJO,1
494,JUNEAU,2
495,KAIA,5
496,KALI,1
497,KAYLEE,4
498,KILO,4
499,KOTA,1
500,LEELA,4
501,LIBBY,1
502,LITTLE BEAR,3
503,LYLA,5
504,MACK,5
505,MAIZY,4
506,MERCY,2
507,MERLIN,5
508,MERRY,1
509,MOE,1
510,MONKEY,3
511,MUFFIN,5
512,NACHO,4
513,NEMO,3
514,NIKITA,1
515,NYX,3
516,OLIVIA,4
517,PAISLEY,4
518,PATCHES,1
519,PETE,2
520,POLLY,5
521,PONCHO,5
522,PRECIOUS,4
523,QUEEN,1
524,RAMBO,1
525,REESE,2
526,RIGBY,3
527,ROGUE,4
528,ROMAN,1
529,ROSCO,3
530,SAGE,3
531,SAMSON,2
532,SARAH,4
533,SHILO,4
534,SKY,3
535,SNOW,3
536,SNOWBALL,3
537,SONNY,4
538,SPROCKET,2
539,STEVE,2
540,STITCH,1
541,SUMMIT,1
542,TACO,1
543,TATER TOT,2
544,TAZER,4
545,TAZLINA,2
546,TESLA,5
547,TESS,4
548,TIA,1
549,TIKAANI,4
550,TIKKA,2
551,TOTO,4
552,TUX,3
553,VADER,2
554,WALLY,2
555,WHISPER,4
556,WILLIE,5
557,WRANGELL,5
558,ZORRO,3
559,APRIL,4
560,ABBEY,1
561,ABE,2
562,ALEXIS,4
563,ALLY,4
564,ANDY,4
565,ANGIE,2
566,ANNA,2
567,ARIA,3
568,ARIES,5
569,ARTEMIS,5
570,ATKA,5
571,ATTICUS,1
572,AZUL,3
573,BALTO,2
574,BEAMER,3
575,BEAN,3
576,BECKY,1
577,BELL,3
578,BENELLI,5
579,BERTIE,3
580,BETSY,4
581,BIGGS,2
582,BILLY,2
583,BLANCA,2
584,BLOSSOM,3
585,BODIE,5
586,BOJANGLES,4
587,BOONE,2
588,BORIS,2
589,BOULDER,5
590,BRADY,5
591,BREWSKI,4
592,BRIAN,5
593,BUCKY,2
594,BUD,5
595,CARLY,2
596,CASPIAN,5
597,CEASAR,2
598,CEDAR,3
599,CHAMP,4
600,CHARLIE BROWN,1
601,CHESTER,1
602,CHEWIE,1
603,COLBY,1
604,CRUISER,2
605,CRYSTAL,3
606,CUPCAKE,5
607,DAISY DUKE,2
608,DARWIN,5
609,DHARMA,5
610,DJANGO,2
611,DOOBIE,3
612,DORA,3
613,DOT,2
614,DOUGLAS,5
615,DRACO,3
616,DUNCAN,3
617,DUTCHESS,4
618,DYLAN,4
619,ECHO,2
620,EDISON,5
621,EDWARD,4
622,ELEANOR,2
623,ELI,2
624,ESKA,3
625,ESTRELLA,2
626,FINNIGAN,5
627,FLETCHER,1
628,FLOYD,4
629,FRANKLIN,3
630,GAIA,4
631,GEMMA,4
632,GEORGIA,4
633,GHOST,1
634,GOLIATH,4
635,GORDY,5
636,GROVER,4
637,GUCCI,4
638,GUNNAR,2
639,HALO,2
640,HAVOC,4
641,HUCK,2
642,HUGO,3
643,HURLEY,1
644,IKE,3
645,ISABELLE,3
646,JACKIE,5
647,JD,2
648,JELLY BEAN,4
649,JESSIE,5
650,JEZEBEL,4
651,JUNIOR,5
652,KAHLUA,5
653,KAOS,2
654,KATE,4
655,KATO,1
656,KELLER,5
657,KELLY,2
658,KEVIN,3
659,KIERA,2
660,KILLIAN,5
661,KIPPER,1
662,KODI,4
663,KODY,1
664,KRATOS,4
665,LACEY,3
666,LEAH,3
667,LENA,1
668,LIBERTY,4
669,LIZZIE,1
670,LUPA,3
671,LYRIC,4
672,MAC,4
673,MAE,5
674,MAGPIE,1
675,MAISIE,3
676,MAISY,2
677,MALI,3
678,MANDY,2
679,MAPLE,5
680,MARGO,3
681,MARLEE,4
682,MARSHALL,4
683,MARY JANE,2
684,MAXWELL,4
685,MCKENZIE,1
686,MINKA,2
687,MOXIE,3
688,MYA,4
689,NICKI,5
690,NIKO,5
691,NITRO,4
692,NOODLES,5
693,NORA,5
694,NUKA,1
695,OLAF,3
696,OLIE,4
697,ORION,5
698,OTTER,4
699,PACO,3
700,PAXSON,2
701,PEBBLES,1
702,PETER,1
703,PETEY,5
704,PHEOBE,3
705,PICKLES,4
706,PIPPEN,2
707,PIXEL,2
708,POLARIS,3
709,RALEIGH,2
710,REMMY,3
711,REMUS,1
712,RINGO,3
713,ROBBIE,2
714,ROCKO,5
715,ROLLY,3
716,RONAN,2
717,RUPERT,3
718,RUSSELL,4
719,RYKER,2
720,SAKARI,1
721,SALCHA,1
722,SAMMIE,1
723,SCARLET,4
724,SCRUFFY,2
725,SCULLY,2
726,SEAMUS,3
727,SEBASTIAN,2
728,SHASTA,5
729,SKIPPER,4
730,SKYLAR,1
731,SNOOPY,3
732,SNOWY,4
733,SOLO,2
734,SPENCER,5
735,SPOCK,2
736,SPOT,1
737,SQUIRREL,2
738,STARBUCK,4
739,STORM,2
740,SUKI,5
741,SUNSHINE,3
742,SUSIE,4
743,SVEN,3
744,TANGO,4
745,TASHA,2
746,TESSA,5
747,THEODORE,2
748,TIKI,2
749,TINA,5
750,TINK,5
751,TITO,3
752,TOBEY,2
753,TOGO,1
754,TOK,2
755,TONKS,1
756,TROY,1
757,TRUDY,4
758,TRUFFLE,1
759,UNA,3
760,WALTER,3
761,WILEY,4
762,WILSON,4
763,WINCHESTER,1
764,YETI,5
765,ZACK,4
766,ZENA,1
767,ZERO,4
768,AUGUST,2
769,ADA,3
770,ADDY,3
771,ALBUS,3
772,AMIRA,2
773,ANAKIN,4
774,ANNABELLE,5
775,ANNAPURNA,1
776,ARGOS,1
777,ARMANI,1
778,ARNOLD,5
779,ARTHUR,3
780,ARYA,4
781,ATILLA,1
782,ATTU,2
783,AUDREY,1
784,AUGGIE,2
785,AUGUSTUS,1
786,AUSTIN,1
787,AVALANCHE,1
788,AVERY,1
789,AXL,3
790,AZULA,5
791,BABYGIRL,3
792,BAE,2
793,BAGHEERA,1
794,BAM BAM,4
795,BANE,4
796,BARNEY,2
797,BARON,5
798,BARRY,4
799,BASIL,5
800,BATMAN,1
801,BEANIE,3
802,BEAUFORT,3
803,BEAVER,2
804,BELLATRIX,1
805,BELVEDERE,1
806,BENJI,5
807,BENNIE,5
808,BENTLY,3
809,BERETTA,4
810,BERNARD,5
811,BEYLA,5
812,BINO,2
813,BLACKY,2
814,BLAKE,3
815,BLEU,5
816,BLITZ,5
817,BLITZEN,1
818,BOAZ,3
819,BODE,1
820,BOGEY,4
821,BOGIE,4
822,BOMBER,2
823,BOOTSIE,5
824,BOSCO,4
825,BOSSY,2
826,BOWEN,1
827,BREE,5
828,BRENIN,1
829,BRIDGER,4
830,BRIO,3
831,BRONSON,1
832,BROOK,5
833,BROOKLYN,1
834,BROOKS,1
835,BUBBY,5
836,BUCKLEY,1
837,BUG,4
838,BUKUM,2
839,BUTCH,5
840,BUTTERSCOTCH,1
841,BYRON,1
842,CABO,2
843,CADEN,4
844,CAMI,5
845,CAMPER,2
846,CANDY,5
847,CAPTAIN,2
848,CARL,3
849,CARRIE,5
850,CARSON,3
851,CECE,2
852,CESAR,2
853,CHACO,1
854,CHAOS,2
855,CHAPO,1
856,CHARLY,2
857,CHEETO,3
858,CHEWBARKA,5
859,CHEYENNE,4
860,CHIBI,1
861,CHICHI,4
862,CHILLI,5
863,CHOLO,5
864,CHUBBS,1
865,CHUNK,1
866,CHURRO,3
867,CISCO,5
868,CLAIRE,2
869,CLIFFORD,3
870,CLYDE,4
871,COLE,1
872,CORKY,5
873,CORONA,5
874,CRUZ,5
875,CUJO,4
876,DAISEY,2
877,DAISY MAY,5
878,DANGER,2
879,DANI,5
880,DANNY,4
881,DEE,3
882,DEMON,3
883,DEMPSEY,5
884,DERBY,1
885,DESTINY,1
886,DEWEY,5
887,DIGGER,1
888,DINO,4
889,DIPPER,2
890,DIVA,1
891,DIZZY,5
892,DOMINO,1
893,DOOLEY,2
894,DOUG,4
895,DUCHESS,5
896,DUGAN,1
897,DURANGO,2
898,EBONY,1
899,EEVEE,4
900,EIN,2
901,EINSTEIN,4
902,ELLIE MAY,2
903,ELSIE,1
904,EMILY,3
905,EMMITT,4
906,ERIS,4
907,ERNIE,2
908,EVE,1
909,FAITH,3
910,FARLEY,5
911,FARRAH,4
912,FERDINAND,3
913,FERGUS,3
914,FIFI,2
915,FINNEGAN,5
916,FITZ,4
917,FLASH,1
918,FLINT,4
919,FLIP,5
920,FLOWER,1
921,FLY,2
922,FORD,5
923,FORREST,1
924,FREEDOM,1
925,FREYJA,1
926,FRIDA,5
927,GABRIELLA,2
928,GAGE,2
929,GANDALF,2
930,GATSBY,2
931,GAUGE,4
932,GIBBS,5
933,GIDEON,3
934,GIDGET,2
935,GIMLI,1
936,GIRL,4
937,GLACIER,4
938,GOOFY,5
939,GOTTI,3
940,GRETA,5
941,GRIFFIN,4
942,GUINESS,4
943,GUMBO,1
944,GUNTHER,5
945,GUS GUS,1
946,GUSTAVO,5
947,HAKU,4
948,HARMONY,4
949,HAROLD,3
950,HARPER,3
951,HAWKEYE,5
952,HAYDEN,3
953,HAYLEE,2
954,HAZARD,3
955,HECTOR,3
956,HENDRIX,5
957,HERA,4
958,HERMIONE,1
959,HERSHEY,2
960,HONDO,5
961,HONEY BEAR,2
962,HOOCH,3
963,HOOVER,2
964,HOWIE,2
965,HUBERT,5
966,HUCKLEBERRY,1
967,HUEY,4
968,HUXLEY,2
969,ICARUS,2
970,ICY,4
971,IGGY,2
972,INGRID,5
973,INNOKO,1
974,ISABEL,3
975,IVAN,1
976,IVORY,5
977,IZZIE,3
978,JACOB,2
979,JAGGER,5
980,JAMESON,5
981,JANGO,1
982,JARVIS,4
983,JAY,5
984,JAZMINE,2
985,JEDI,5
986,JENNA,1
987,JET,5
988,JETT,2
989,JINGLES,5
990,JINX,2
991,JOANIE,5
992,JOKER,1
993,JOSEPHINE,2
994,JUDGE,1
995,JUICE,5
996,JULIE,1
997,KANGA,2
998,KASH,1
999,KATY,4
1000,KEELY,5
1001,KEETA,5
1002,KEETNA,2
1003,KEIKO,1
1004,KEIRA,5
1005,KENYA,3
1006,KHALEESI,4
1007,KHAN,2
1008,KIANA,3
1009,KIKO,5
1010,KILA,2
1011,KIMA,2
1012,KINGSTON,5
1013,KIP,1
1014,KIRBY,5
1015,KISKI,1
1016,KIT,1
1017,KIWI,5
1018,KJ,5
1019,KLAUS,2
1020,KLHOE,5
1021,KNIK,1
1022,KNUCKLES,4
1023,KOBA,2
1024,KOBIE,2
1025,KODIE,1
1026,KOJI,5
1027,KOOPER,1
1028,KOROVA,4
1029,KOVU,1
1030,KUMA,1
1031,KYRA,4
1032,LACY,2
1033,LADY BUG,2
1034,LAIKA,5
1035,LALA,1
1036,LAMBEAU,2
1037,LANA,5
1038,LARA,1
1039,LEILA,3
1040,LEX,3
1041,LEXIE,5
1042,LILLI,2
1043,LINK,5
1044,LITTLE BIT,2
1045,LITTLE GIRL,5
1046,LIZZY,1
1047,LOBO,1
1048,LOLLY,5
1049,LOU,2
1050,LOUIS,2
1051,LUCA,2
1052,LUPIN,3
1053,LYRA,1
1054,MACEY,1
1055,MACHO,5
1056,MACKENZIE,3
1057,MAHLI,2
1058,MALAKAI,5
1059,MANGO,1
1060,MARCUS,1
1061,MARIAH,1
1062,MARTY,4
1063,MARVIN,1
1064,MARY,4
1065,MATANUSKA,1
1066,MATEO,5
1067,MAVIS,4
1068,MAXIE,1
1069,MCKENNA,5
1070,MEEKO,3
1071,MELISSA,4
1072,MERCEDES,5
1073,MIKE,1
1074,MIKEY,5
1075,MILES,1
1076,MILLY,4
1077,MINA,3
1078,MINER,3
1079,MINI COOPER,4
1080,MINION,2
1081,MINX,1
1082,MISHA,5
1083,MISTER,1
1084,MIYAH,3
1085,MJ,5
1086,MOANA,5
1087,MOLLIE,1
1088,MONGO,5
1089,MONTE,5
1090,MONTY,5
1091,MOOSIE,4
1092,MOSES,3
1093,MUMFORD,2
1094,MYAH,1
1095,NADIA,1
1096,NAIA,2
1097,NANUG,1
1098,NEKO,2
1099,NELCHINA,4
1100,NENA,3
1101,NEO,3
1102,NEWTON,5
1103,NICO,3
1104,NIKE,4
1105,NIKISKI,2
1106,NIKKO,4
1107,NILES,2
1108,NILLA,2
1109,NINJA,4
1110,NORM,2
1111,NORMAN,4
1112,NORTH,4
1113,NUNA,4
1114,OBIE,1
1115,OCTO,3
1116,OLI,5
1117,OLY,4
1118,OPHELIA,5
1119,OPIE,4
1120,ORCA,2
1121,OSITO,2
1122,OSO,1
1123,OZZIE,2
1124,PADME,1
1125,PARIS,3
1126,PATRIOT,5
1127,PATTON,1
1128,PAX,3
1129,PEDRO,5
1130,PENNI,1
1131,PERRY,4
1132,PHEONIX,1
1133,PHOENIX,4
1134,PIKA,5
1135,PILOT,1
1136,PIPPI,1
1137,PITA,2
1138,POLAR BEAR,2
1139,POOKIE,3
1140,POOKY,4
1141,PRETZEL,5
1142,PRIM,1
1143,PRUDHOE,2
1144,PUCK,5
1145,PUMPKIN,3
1146,PUNKIN,1
1147,PUTTER,1
1148,QUE,3
1149,QUEENIE,3
1150,RAGNAR,1
1151,RAZOR,1
1152,REBA,1
1153,RHUBARB,5
1154,RICKY,4
1155,ROCK,3
1156,ROE,4
1157,ROHN,4
1158,ROLO,5
1159,ROSEMARY,5
1160,ROSEY,4
1161,ROSSI,1
1162,ROXI,4
1163,ROY,5
1164,RUCKUS,1
1165,RUDI,4
1166,SABBATH,2
1167,SABLE,5
1168,SABRE,4
1169,SAILOR,4
1170,SAMI,4
1171,SAMMI,1
1172,SAVANNAH,2
1173,SCAMP,1
1174,SCARLETT,4
1175,SCHNITZEL,5
1176,SEQUOIA,3
1177,SERGEANT,1
1178,SETH,1
1179,SHADY,4
1180,SHAE,2
1181,SHAKESPEARE,2
1182,SHANE,1
1183,SHAYLA,5
1184,SHEEBA,4
1185,SHELDON,5
1186,SHORTY,3
1187,SID,5
1188,SIDNEY,3
1189,SIENNA,5
1190,SIRIUS,1
1191,SISU,2
1192,SKADI,5
1193,SKEETER,1
1194,SKIFF,3
1195,SNICKERDOODL,1
1196,SNIPER,4
1197,SNOOKIE,3
1198,SNOOP,2
1199,SODA,2
1200,SOOKIE,1
1201,SOX,4
1202,SPICE,4
1203,SPIRIT,1
1204,SPUD,2
1205,STARSKY,3
1206,STEVIE,5
1207,STONEY,4
1208,SUE,2
1209,SUKA,3
1210,SULLY,4
1211,SUZI,2
1212,SUZIE Q,2
1213,SUZY,4
1214,TAKU,3
1215,TALI,1
1216,TALLY,1
1217,TATER,4
1218,TAYLOR,5
1219,TEBOW,5
1220,TED,2
1221,TEEKA,1
1222,THEA,1
1223,THEO,5
1224,TIGGER,1
1225,TIKA,2
1226,TINKER,4
1227,TIVA,5
1228,TOBIAS,4
1229,TOBLERONE,3
1230,TRACKER,4
1231,TROUBLE,5
1232,TSUNAMI,4
1233,TUCK,2
1234,TULA,2
1235,TULLY,1
1236,TURK,3
1237,TWIX,4
1238,TYRONE,3
1239,URSA,3
1240,VANILLA,5
1241,WICKET,1
1242,WILLA,1
1243,WILLY,1
1244,WOODROW,3
1245,WREN,4
1246,WYATT,1
1247,WYNNIE,3
1248,XANDER,5
1249,YOGI,1
1250,ZAK,1
1251,ZARA,1
1252,ZEPHYR,4
1253,ZEPPELIN,3
1254,ZEVA,1
1255,ZIPPO,4
1256,ZORA,4
1257,ZOYA,3
1258,ZUZU,3
1259,MAY,3
1260,TUESDAY,5
1261,WEDNESDAY,2
1262,FRIDAY,2
1263,3 OF HEARTS,4
1264,68 WHISKEY,3
1265,AASA,1
1266,AATU,1
1267,ABBEY NORMAL,4
1268,ABBI,4
1269,ABBY JEAN,2
1270,ABEL,2
1271,ABERLOUR,1
1272,ABI,1
1273,ABRAHAM,1
1274,ACER,1
1275,ADAM,5
1276,ADDIE MAE,1
1277,ADELAIDE,1
1278,ADELE,3
1279,ADELYN,2
1280,ADORA,1
1281,AEON,4
1282,AGATE,5
1283,AGATHA,1
1284,AGLU,1
1285,AGNES,4
1286,AIKO,4
1287,AIOFA,4
1288,AIYANA,1
1289,AJAXX,1
1290,AK,2
1291,AKEELA,4
1292,AKER,1
1293,AKI,5
1294,AKIRA,3
1295,AKITO,3
1296,AKUTAN,2
1297,ALAKANUK,4
1298,ALANI,4
1299,ALARIC,2
1300,ALBERT E III,2
1301,ALEXANDER,5
1302,ALEXIS (LEXIE),1
1303,ALEXXEE,2
1304,ALF,4
1305,ALFALFA,4
1306,ALFIE,4
1307,ALI BABA,1
1308,A-LIEN,4
1309,ALIKADE,1
1310,ALINAFREYA,3
1311,ALLIE GIRL,5
1312,ALLIYAH,3
1313,ALLY MAY,4
1314,ALMOND ROCA,2
1315,ALTA,1
1316,ALY,5
1317,AMAK,5
1318,AMBERLYN,1
1319,AMELIA,1
1320,AMELIA GREEN,4
1321,AMERICA,1
1322,AMI,1
1323,AMINA,5
1324,AMIR,3
1325,AMOS,4
1326,AMY,5
1327,ANCHOR,3
1328,ANDRE,3
1329,ANDY KODA,2
1330,ANGELINA,5
1331,ANGUA,3
1332,ANI,3
1333,ANIA,1
1334,ANIAK,3
1335,ANIOT,5
1336,ANNABELL,4
1337,ANNABELLA,5
1338,ANNI,3
1339,ANNIE BELLE,1
1340,ANOWIK,1
1341,ANSCHUTZ,4
1342,ANTHONY CRIT,5
1343,ANUBIS,4
1344,AOIFE,5
1345,APHRODITE,1
1346,APPA,3
1347,APPLE,2
1348,APPLEJAX,2
1349,APU,2
1350,AQUILA,5
1351,ARBELL,5
1352,ARCADIA,4
1353,ARCHER,3
1354,ARCHIE E.,4
1355,ARCKOS,5
1356,ARDBEG,1
1357,AREC,1
1358,ARGO,5
1359,ARIAL,3
1360,ARIE,5
1361,ARIEL,3
1362,ARLO LOERA,1
1363,ARROW,3
1364,ARTI,3
1365,ARWEN,5
1366,ARY,4
1367,ASH,3
1368,ASHE,5
1369,ASHLEIGH,3
1370,ASKOLE,2
1371,ASLAN,4
1372,ASTA,1
1373,ASUNA,1
1374,ATHENA ANN,5
1375,ATIGUN,4
1376,ATL,4
1377,ATOM,3
1378,ATOS,3
1379,ATREYU,4
1380,AUBREY,1
1381,AUDI MURPHEY,2
1382,AUDIE,5
1383,AUGIE,5
1384,AURI,4
1385,AUSSIE,4
1386,AUTZEN,2
1387,AUXEN,4
1388,AXTON,1
1389,AY JAY,2
1390,AYAAYA,5
1391,AYMERIC,4
1392,B.B.,5
1393,BAAN,1
1394,BABY BLUE,1
1395,BABYBABY,2
1396,BACCHUS,5
1397,BACON,2
1398,BADGER,3
1399,BAILA,1
1400,BAILEE,1
1401,BAILEY BEAR,3
1402,BAILY,5
1403,BAIYA,2
1404,BAKER,3
1405,BALO,1
1406,BAMBI,1
1407,BAMBOO,5
1408,BARA,4
1409,BARCLAY,1
1410,BARF,1
1411,BARKELY,3
1412,BARKUS,3
1413,BARNABY,2
1414,BARRACUDA,2
1415,BARRET,2
1416,BARRETT,2
1417,BARRON,2
1418,BARRY 2,2
1419,BART,2
1420,BARTLETT,3
1421,BAS,5
1422,BASKER,1
1423,BASKO,2
1424,BAYA,3
1425,BAYLA,3
1426,BAYLEE,5
1427,BB,1
1428,BEA,4
1429,BEANS,4
1430,BEANSIDHE,2
1431,BEAR BAIT,2
1432,BEAR BEAR,2
1433,BEARCOOT,4
1434,BEAST,3
1435,BEATRIX,3
1436,BEAUREGARD,4
1437,BEAUTI,4
1438,BEBA,2
1439,BEBE,4
1440,BECA,5
1441,BECKA,5
1442,BECKER,3
1443,BEE,2
1444,BEEF,3
1445,BEEFCAKE,3
1446,BEEMO,5
1447,BEERUS,4
1448,BEETLE,1
1449,BEEVIE,5
1450,B'ELANNA,5
1451,BELL A DONNA,3
1452,BELLA GREEN,1
1453,BELLA STAR,2
1454,BELLADONA,3
1455,BELLAH,3
1456,BELLE VOM CI,5
1457,BENITO,5
1458,BENJAMIN,5
1459,BENNE,3
1460,BENNETT,3
1461,BENSON,5
1462,BEORN,1
1463,BEOWULF,1
1464,BEREN,3
1465,BERGERON,2
1466,BERNOULLI,2
1467,BERRY,4
1468,BERT,2
1469,BERTUZZI,1
1470,BESITO,4
1471,BESSA,4
1472,BESSIE,4
1473,BETA,2
1474,BETTLES,5
1475,BETTY BOOP,1
1476,BETTY JEAN,2
1477,BEX,5
1478,BHELIN,4
1479,BIANCA,1
1480,BIBI,4
1481,BIESEN,3
1482,BIG BABY,3
1483,BIG BOI,5
1484,BIG BOY,2
1485,BIG JAKE,2
1486,BIG MAC,2
1487,BIG MOMMA,3
1488,BIGGIE,3
1489,BIJOU,2
1490,BIKO,3
1491,BILL,4
1492,BINK,3
1493,BISHOP,2
1494,BISKET,1
1495,BITSY,2
1496,BITZER,2
1497,BJ,2
1498,BLACK BEAR,1
1499,BLACK JACK,3
1500,BLACKIE,3
1501,BLACKJACK,4
1502,BLANCO,4
1503,BLESSING,1
1504,BLING,1
1505,BLINKEY,1
1506,BLIZZARD,4
1507,BLONDIE,1
1508,BLU,2
1509,BLUE BELLE,4
1510,BLUEBERRY,5
1511,BOBA,2
1512,BOBBI SUE,4
1513,BOBO,1
1514,BOCEPHUS,4
1515,BODAK,3
1516,BODEE,4
1517,BODEY,4
1518,BODHI KNOX,4
1519,BODI,4
1520,BODYBAG,4
1521,BOND,2
1522,BONES,2
1523,BONITA,1
1524,BONSAI,1
1525,BOO BEAR,5
1526,BOO BOO,5
1527,BOOBOO,2
1528,BOOGLE,5
1529,BOOJO,4
1530,BOOZIE,5
1531,BORA,1
1532,BORIA,2
1533,BOSHKO BOGDAN,2
1534,BOSS,1
1535,BOWEE,2
1536,BOWMORE,3
1537,BRAAAP,5
1538,BRADDAH,3
1539,BRADDOCK,1
1540,BRADLEY,4
1541,BRAE,3
1542,BRAM,2
1543,BRANDEE,1
1544,BRANDI,5
1545,BRANDILYNN,3
1546,BRANDO,2
1547,BRAUM,2
1548,BRAVE,3
1549,BRAYA,1
1550,BRAZEN,5
1551,BRECK,1
1552,BREEZE,4
1553,BREEZY,1
1554,BRENDA LEIGH,2
1555,BRENNER,5
1556,BREW,3
1557,BREYLA,3
1558,BRIA,5
1559,BRIANA,5
1560,BRIDGET,1
1561,BRIDGETTE,5
1562,BRINDI,1
1563,BRINDLE,1
1564,BRIOSCA,2
1565,BROCK,1
1566,BRODDI,4
1567,BRODY DUNCAN,4
1568,BRODY JOE,5
1569,BROGAN,1
1570,BRON BRON,1
1571,BRONIUS,3
1572,BROOSTER,5
1573,BROSEPH,1
1574,BROWN DAWG,5
1575,BROWZER,4
1576,BRUCE ALMIGHTY,1
1577,BRUCE WAYNE,2
1578,BRUISER REBEL,1
1579,BRUJAH,3
1580,BRUNDI,3
1581,BRUSH,2
1582,BRUTUS AGUSTUS,2
1583,BRUZER,1
1584,BRYCE,4
1585,BRYNDLE,2
1586,BRYNN,3
1587,BUBA,5
1588,BUBBLEZ,4
1589,BUCKAROO,1
1590,BUCKET,1
1591,BUCKSHOT,4
1592,BUDDAH,1
1593,BUDDHA,2
1594,BUDDY BOY,3
1595,BUDDY JR,5
1596,BUDDY JR.,3
1597,BUDDY MEATBALL,5
1598,BUELLER,2
1599,BUFFY,4
1600,BUGS,3
1601,BUGSBY,5
1602,BUGSY,5
1603,BULLITT,5
1604,BUNKIE,2
1605,BUNKY,4
1606,BUNTA,5
1607,BUOY,1
1608,BURBERRY,5
1609,BURKE,1
1610,BURLY,1
1611,BURNER,5
1612,BURT,1
1613,BURTON,3
1614,BUSHIDO,1
1615,BUSY,1
1616,BUTCHER,1
1617,BUTKUS,5
1618,BUTTER,2
1619,BUTTERCUP,1
1620,BUTTERS,5
1621,BUTTONS,4
1622,BUTTONS 3,2
1623,BUXTON,2
1624,C.B.,1
1625,C.C.,1
1626,CABANNA,5
1627,CACHE,5
1628,CACY JONES,4
1629,CAICOS,5
1630,CAILOU,4
1631,CAIRO,5
1632,CAITE BEL,3
1633,CALAMITY,2
1634,CALI ANNE,1
1635,CALLAHAN,3
1636,CALLAWAY,4
1637,CALLIE ROSE,5
1638,CALLY,5
1639,CALVIN,5
1640,CALYPSO,3
1641,CAMBERLYNN,2
1642,CAMDEN,1
1643,CAMILLE,5
1644,CANDACE,2
1645,CANE,1
1646,CANISA,3
1647,CANNON,3
1648,CANYON,3
1649,CAPONE,2
1650,CAPPUCCINO,3
1651,CAPTAIN REX,3
1652,CARA,1
1653,CARAMEL,2
1654,CARBON,2
1655,CARDHU,5
1656,CARDI,3
1657,CARINA,1
1658,CARL 2.0,2
1659,CARLIE,4
1660,CARLOS,4
1661,CARMELLO,1
1662,CASCADE,1
1663,CASIE,4
1664,CASLOW,4
1665,CASS,4
1666,CASSI,1
1667,CASSIDY,2
1668,CAT,2
1669,CATHERINE,1
1670,CEASER,3
1671,CECI,1
1672,CECILIA,5
1673,CEECEE,1
1674,CEIBA,4
1675,CELIE,2
1676,CELLO,1
1677,CEZAR,5
1678,CHACHA,1
1679,CHAD,3
1680,CHAGA,3
1681,CHAHTA,1
1682,CHAKA,5
1683,CHAKO,4
1684,CHAMPION,5
1685,CHANCEY,1
1686,CHANDLER,5
1687,CHANEL,3
1688,CHAPPIE,4
1689,CHARLAMAGNE,5
1690,CHARLEE,1
1691,CHARLI,5
1692,CHARLIE GIRL,3
1693,CHARLIEBROWN,4
1694,CHARLIEE,5
1695,CHARMIN,2
1696,CHAROLETTE,2
1697,CHAUNCEY,3
1698,CHAY,1
1699,CHAYA,1
1700,CHAZZ,2
1701,CHEEKY,3
1702,CHEENA,2
1703,CHEETAH,1
1704,CHEIF,1
1705,CHELSEA,2
1706,CHELSEY,2
1707,CHENA ROSE,4
1708,CHENEGA,3
1709,CHERI,5
1710,CHERIZO,3
1711,CHERNOBYL,1
1712,CHEROKEE,3
1713,CHERRY,3
1714,CHEVYEL,2
1715,CHEWAWA,1
1716,CHEWBACA,1
1717,CHEWBELLA,3
1718,CHEWEY,4
1719,CHI,1
1720,CHIANA,5
1721,CHICAGO,2
1722,CHICK,5
1723,CHICKADEE,3
1724,CHICORY,2
1725,CHIGNIK,3
1726,CHIKA,5
1727,CHILE,4
1728,CHILI,1
1729,CHILIE,4
1730,CHING SHI,2
1731,CHINGIZ,5
1732,CHINNOK,5
1733,CHINOBI,2
1734,CHINTA,1
1735,CHIO,2
1736,CHIPS,5
1737,CHIQUITA,4
1738,CHITU,5
1739,CHOCCO,1
1740,CHOCHO,2
1741,CHOCO,5
1742,CHOCOLAT,1
1743,CHOMPER,2
1744,CHONCHO,1
1745,CHOOK,2
1746,CHOP,1
1747,CHORIZO,4
1748,CHOZA,2
1749,CHRIS CRINGLE,3
1750,CHRISSY,1
1751,CHUBBERS,4
1752,CHUBS,1
1753,CHUCHO,4
1754,CHUCK,1
1755,CHUCK NORRIS,3
1756,CHUE,2
1757,CHUGI,4
1758,CHULA BELL,2
1759,CHUMP,1
1760,CHUMS,2
1761,CHUNKY,1
1762,CHUY,3
1763,CIARA,2
1764,CICERO,1
1765,CICI,4
1766,CIDER,4
1767,CIDLEE,4
1768,CIDLEY,3
1769,CINCH,4
1770,CINDY,2
1771,CINNY,3
1772,CIRI,5
1773,CLAIREE,5
1774,CLAM,5
1775,CLARK,1
1776,CLAY,4
1777,CLEASTWOOD,5
1778,CLECO,5
1779,CLEMENTINE,5
1780,CLEOPATRA,1
1781,CLETUS,3
1782,CLIDE,4
1783,CLUTCH,5
1784,CO CO,5
1785,COACH,1
1786,COALBY,3
1787,COAST,2
1788,COATY,5
1789,COBALT,4
1790,COCHISE,3
1791,COCO PUFF,5
1792,COCOA PUFF,2
1793,CODA,3
1794,COFFEE,4
1795,COLBY LYNNE,5
1796,COLLIS,5
1797,COLT,5
1798,COOKIE LEE,1
1799,COOSA,1
1800,COOTA,4
1801,COPA,3
1802,COPPER LEE PATTERSON,3
1803,COQUI,1
1804,CORBY,1
1805,CORDELIA,4
1806,COREY,5
1807,CORPORAL,1
1808,CORWIN,5
1809,COSA,5
1810,COSMA,3
1811,COTTON,1
1812,COUGAR,5
1813,COUVER,4
1814,COUVERDEN,1
1815,COVEY,2
1816,COWGIRL,3
1817,COZY,2
1818,COZZY,1
1819,CRACKERS,2
1820,CRASH,3
1821,CRISSY,1
1822,CROUTON,1
1823,CROWLEY,4
1824,CRUNCH BITE,5
1825,CRUSH,1
1826,CRUZIER,1
1827,CUBBY,3
1828,CUBBY 2,2
1829,CUBBY BEAR,3
1830,CUDDIE,4
1831,CUDDLES,5
1832,CUDDY,5
1833,CUERVO,5
1834,CURLY-GIRL,3
1835,CURRIE,2
1836,CURTIS,1
1837,CUTIE PIE,1
1838,CUTTER,2
1839,CYBIL,3
1840,CYLUS,4
1841,CYNDER,1
1842,CYRUS,4
1843,D.O.G.,5
1844,D2,5
1845,DAE BOK,1
1846,DAEVU,5
1847,DAFFY,3
1848,DAGAN,2
1849,DAGGER,3
1850,DAGNY,3
1851,DAHNDI,4
1852,DAISEY MAE,3
1853,DAISY BEAN,4
1854,DAISY DOO,4
1855,DAISY DUKES,2
1856,DAISY-BELLE,1
1857,DAJAK,4
1858,DAKODA,2
1859,DALAI,4
1860,DAMU,3
1861,DANDELION,5
1862,DANIELLE,3
1863,DANIKIS,5
1864,DANNER,2
1865,DAPPER,2
1866,DARBY,5
1867,DARCIE,5
1868,DARCY,3
1869,DARIUS,5
1870,DARLINGTON,3
1871,D'ARTAGNON,3
1872,DARTH,2
1873,DASHA,2
1874,DASHER,5
1875,DAUBI,5
1876,DAVE,4
1877,DAVINCHY,2
1878,DAVOS,3
1879,DAVROS,3
1880,DAY,5
1881,DAYNA,3
1882,DAYTON,4
1883,DAYZ,1
1884,DAZZLE,5
1885,D'BO,3
1886,D-BO,4
1887,DEAN,5
1888,DECKER,2
1889,DECLAN,5
1890,DEE DEE,5
1891,DEEDEE,3
1892,DEEOHGEE,1
1893,DEEVA,1
1894,DEEZLE,2
1895,DEGORY,4
1896,DEHAVILLAND,5
1897,DEIGO,2
1898,DEISEL,5
1899,DEKE,1
1900,DEL,5
1901,DELANIE,2
1902,DELILIAH,5
1903,DELKO,1
1904,DELLA,5
1905,DELTA,4
1906,DELYA,5
1907,DEMI,1
1908,DENAHI,3
1909,DENALI DARLING,2
1910,DENEKI,4
1911,DENEKI 4,2
1912,DERPY,3
1913,DESCHUTES,4
1914,DESI,5
1915,DESNA,4
1916,DESSA,3
1917,DETROIT,5
1918,DEVON,5
1919,DEWBEE,3
1920,DEWIE,3
1921,DEWY,4
1922,DEX,2
1923,DIANA,4
1924,DIBS,3
1925,DICE,4
1926,DIDDLES,1
1927,DIDDLEY,1
1928,DIESEL AVA,5
1929,DIEZ,2
1930,DIGONG,3
1931,DILLNGER,3
1932,DILLON,3
1933,DIME BAG,2
1934,DINA,2
1935,DINAH,4
1936,DING,5
1937,DIONES,5
1938,DIRK,4
1939,DIRTIE,4
1940,DISCO,2
1941,DISNEY,5
1942,DITTO,5
1943,DIVER,4
1944,DIXA,2
1945,DIXON,5
1946,DODGER,1
1947,DOG,3
1948,DOGLAS,5
1949,DOGMEAT,3
1950,DOJA,1
1951,DOJI,1
1952,DOLCE,2
1953,DOLCHE,2
1954,DOLLA,3
1955,DOMINUS,5
1956,DONNER,3
1957,DONNI,1
1958,DONOVAN,2
1959,DOOBY,5
1960,DOODLE,3
1961,DOOGAN,5
1962,DOOZER,4
1963,DOOZEY,2
1964,DORI,5
1965,DORIE,4
1966,DORY,1
1967,DOTTIE,4
1968,DOTTIE MAE,4
1969,DOUGAL,4
1970,DOUGHNUT,4
1971,DOUGIE,2
1972,DOZZER,4
1973,DRAGON,1
1974,DRAKO,5
1975,DRANZER,2
1976,DREAM,3
1977,DRED,5
1978,DREGGER,2
1979,DROOPY,5
1980,DRUID,1
1981,DUBS,4
1982,DUCK DUCK,5
1983,DUCKEY,5
1984,DUCT TAPE,2
1985,DUFFY,3
1986,DUGAS,5
1987,DULCE,5
1988,DUNAI,2
1989,DUNCAN JR,2
1990,DUNZO,4
1991,DUTCH VIRDEN,2
1992,DYGGUR,2
1993,DYLLON,3
1994,DYLO,4
1995,DYNA,4
1996,E.Z. RYDER,3
1997,EBBA,3
1998,EBERT,2
1999,EBI,5
2000,ECHO 2,1
2001,ECLAIR,1
2002,EDNA,2
2003,EESHAN,4
2004,EETSA,5
2005,EGGNOG,3
2006,EHU,5
2007,EIFFEL,5
2008,EIGHT,2
2009,EILEEN,5
2010,EISEN,3
2011,EKLUTNA,2
2012,ELBE,2
2013,ELE ELE,2
2014,ELEU,3
2015,ELGIN,5
2016,ELIJAH,5
2017,ELIZABETH,2
2018,ELKE,4
2019,ELLA BELLA,2
2020,ELLERA,3
2021,ELLI,5
2022,ELLI MAE,4
2023,ELLIOT,1
2024,ELLIOTT,3
2025,ELLSA,2
2026,ELLY,3
2027,ELMO,1
2028,ELO,1
2029,ELOISE,1
2030,ELPHABA,2
2031,ELSU,1
2032,ELVIN,2
2033,ELWAY,1
2034,EMILLIE,4
2035,EMMA RUE,3
2036,EMMET,5
2037,EMMY,2
2038,ENEW,4
2039,ENUJ,5
2040,EOWYN,4
2041,EQUINOX,5
2042,ERROW,2
2043,ESKER,3
2044,ESPICKY,1
2045,ESPIN,5
2046,ESSIE,3
2047,ESTER,5
2048,ETTA,3
2049,ETTA MAE,1
2050,EURO,1
2051,EVEREST,3
2052,EVIE,3
2053,EVO,4
2054,EVVIE,2
2055,EZEKIEL,5
2056,FADED,4
2057,FAIRBANKS,1
2058,FAITH ROSE,1
2059,FALCO,2
2060,FALCOR,2
2061,FALKOR,4
2062,FANG,3
2063,FANGSIE,2
2064,FATBOY,2
2065,FAUKXIE,3
2066,FAUST,5
2067,FAUSTINO,4
2068,FEENA,4
2069,FEN,1
2070,FERN,4
2071,FERRET,3
2072,FEZZIK,1
2073,FIDO,4
2074,FIEKA,3
2075,FIG,5
2076,FINCH,3
2077,FINLAY,3
2078,FIRN,3
2079,FISCHER,3
2080,FISHBONES,4
2081,FISHER,2
2082,FITZGERALD,5
2083,FIYERO,5
2084,FIZZIGIG,5
2085,FLACA,1
2086,FLAG,4
2087,FLAPJACK,3
2088,FLICKA,4
2089,FLINTSTONE,5
2090,FLOPPER,2
2091,FLOSSIE,3
2092,FLUFFY BLAZE,4
2093,FLUFFY PANTS,4
2094,FLYNN,1
2095,FORTE,2
2096,FOSBURY,1
2097,FOSTER,4
2098,FOX,4
2099,FRANCESCA,4
2100,FRANCIS,1
2101,FRANCO,2
2102,FRANCOIS,5
2103,FRANKENSTEIN,3
2104,FRANNIE,1
2105,FRANNY,2
2106,FRASIER,2
2107,FREDDY,5
2108,FREDY,2
2109,FREEWAY,2
2110,FREIDA,3
2111,FREYA DALTON,1
2112,FREZNO,4
2113,FROST T,2
2114,FROSTIE,1
2115,FROSTY,3
2116,FRY,3
2117,FUDGE,4
2118,FUJI,3
2119,FUJITA,4
2120,FURBEE,2
2121,FURY,1
2122,FUZZY,5
2123,FYRNE,1
2124,G MAN,1
2125,G.G.,5
2126,GABE,2
2127,GADGET,4
2128,GAIL,5
2129,GALAN,5
2130,GALAXY,4
2131,GAMBIT,5
2132,GANDA,2
2133,GARY,3
2134,GATEWAY,5
2135,GATORR,1
2136,GATSBY ALEXANDER,4
2137,GAURU,5
2138,GEDEON,5
2139,GEMINI,3
2140,GEMMY,4
2141,GENEVA,3
2142,GENEVIEVE,5
2143,GENO,3
2144,GEO,2
2145,GEORGETTE,5
2146,GEORGIE,2
2147,GEORGIE GIRL,2
2148,GERGIA BELLE,2
2149,GERTY,2
2150,GHANDI,5
2151,GHOST EYE,3
2152,GIANT,3
2153,GIBSON,4
2154,GIDGET ROSE,1
2155,GIL,2
2156,GILLIGAN,5
2157,GINA,2
2158,GINGER MIA,1
2159,GINGIN,1
2160,GINJAY,3
2161,GINSBERG,4
2162,GINZEE,3
2163,GIOVANNI,5
2164,GIRDY,1
2165,GIRLY,3
2166,GLACIER BLUE,4
2167,GLADOS,3
2168,GLADYZ,2
2169,GLEN BARKLEY,5
2170,GLIZZY,3
2171,GLORY BEA,4
2172,GNARLY,5
2173,GNASH,4
2174,GOAT,2
2175,GOBLIN,4
2176,GODIVA,3
2177,GOGI,1
2178,GOGO,4
2179,GOHAN,5
2180,GOKU,5
2181,GOLFBALL,3
2182,GONZO,5
2183,GOOBER,4
2184,GOOEY,5
2185,GOON,4
2186,GORDO,5
2187,GORDON,2
2188,GORGEOUS,1
2189,GORGONZOLA,3
2190,GORGY,1
2191,GOROU,1
2192,GOUDA,5
2193,GRACIANN,5
2194,GRACIE ANN,5
2195,GRACIE BEAR,5
2196,GRADY,5
2197,GRAHAM,2
2198,GRANITE,2
2199,GRAVY,5
2200,GREAT GATSBY,2
2201,GRETA HOLLY,4
2202,GRETA MAE,5
2203,GRETTA,5
2204,GREVIOUS,3
2205,GREYCE,2
2206,GREYSON,4
2207,GRIFFEN,3
2208,GRIFFEY,3
2209,GRIM,2
2210,GRIMM,4
2211,GRIZ,1
2212,GRIZLEE,2
2213,GRIZZ,3
2214,GRIZZY,1
2215,GROMIT,1
2216,GROMMET,5
2217,GRUMBLE,1
2218,GRYFFIN,4
2219,GRYFFINDOR,1
2220,GUAPO,3
2221,GUARDIAN,4
2222,GUARRYS,5
2223,GUINEA,1
2224,GUINNESS,3
2225,GULLY,5
2226,GUNNY,2
2227,GUNTER,2
2228,GUSSY,3
2229,GUY,2
2230,GWENIVERE,3
2231,GWYNN,5
2232,HAAHEO,5
2233,HADIES,3
2234,HADLEY,4
2235,HAGEN,1
2236,HAGGIS,5
2237,HALLE,5
2238,HALLE BERRY,4
2239,HALLEY,3
2240,HALLIE,4
2241,HAMILTON,2
2242,HAMISH,1
2243,HAMLET,4
2244,HAMMER,3
2245,HAMMOND,5
2246,HANDSOME,3
2247,HANNA,1
2248,HANNIBAL,1
2249,HANS,4
2250,HANSEL,1
2251,HANZO,3
2252,HARKY,4
2253,HARLIE,1
2254,HARMON,2
2255,HARP,2
2256,HARRIETT,2
2257,HARRISON,4
2258,HARRY POTTER,3
2259,HARVEE,5
2260,HARVEY JR,4
2261,HATHOR,1
2262,HAVA,2
2263,HAWLEY,1
2264,HAYDUKE,5
2265,HAZE,2
2266,HAZEY,5
2267,HEALY,3
2268,HEATHER,4
2269,HEIDI MAY,3
2270,HEIDIE,1
2271,HEIRESS,2
2272,HELENA,1
2273,HELIOS,4
2274,HEMISHMCDUFF,1
2275,HENDRICKS,1
2276,HENEY,3
2277,HENNA,3
2278,HENNESSY,1
2279,HENNY-LUNA,4
2280,HENREY,2
2281,HERBIE,5
2282,HEREFORD,1
2283,HERMAN,1
2284,HERMES,3
2285,HIGGS,2
2286,HIMMEL,4
2287,HIRO,1
2288,HITCH,4
2289,HITO,3
2290,HOAGEY,4
2291,HOBBES,2
2292,HOBBS,4
2293,HOBIE,4
2294,HOBO,3
2295,HODIE,4
2296,HOJI,1
2297,HOKIE,5
2298,HOKULANI,1
2299,HOLLYWOOD,3
2300,HONEY PUCCI,2
2301,HONEY TUTU,5
2302,HONEYBEAR,2
2303,HONEYSUCKLE,4
2304,HOODIE,4
2305,HOOPER,2
2306,HOOTCH,3
2307,HOPPER,1
2308,HOPPS,4
2309,HOPS,1
2310,HORCHATA,5
2311,HORNSBY,5
2312,HORST,1
2313,HOTHAR,2
2314,HOUND DOG,3
2315,HUCKLEBERRY FINN,5
2316,HUEHUE,2
2317,HUNDLEY,2
2318,HUNEE,3
2319,HUNNY,3
2320,HUSHE,2
2321,HUSKER,2
2322,HUSTLER,3
2323,HUTCH,2
2324,HYOJA,5
2325,HYORI,2
2326,HYTHY,5
2327,ICE,4
2328,ICEE,4
2329,ICHIRO,1
2330,ICIS,3
2331,IDA,3
2332,IGNEUS,3
2333,IGOR,3
2334,IKAIKA,3
2335,ILA,2
2336,ILANNAQ,2
2337,ILIAMNA,2
2338,ILLA,3
2339,INDI,3
2340,INDIAN,4
2341,INDIANA,5
2342,INFINITEY,3
2343,INIGO,2
2344,INKY,5
2345,INTI,3
2346,INU,2
2347,IOREK,4
2348,IRA,4
2349,IRIE,1
2350,IRMA,3
2351,ISA,3
2352,ISADORA,2
2353,ISHTA,2
2354,ISKUT,3
2355,ISLA,4
2356,ISOBEL,1
2357,ITACHI,5
2358,ITCHIGO,5
2359,ITCHY BROTHE,1
2360,IVER,1
2361,IVY ROSE,4
2362,IZABEL,3
2363,IZEE,2
2364,IZZABELLA,4
2365,IZZI,3
2366,J.C.,4
2367,J.T.,3
2368,JABBA,5
2369,JABBER,3
2370,JABLES,5
2371,JACK DANIELS,4
2372,JACK FROST,1
2373,JACK WOOFER,1
2374,JACKSON JR,5
2375,JACOPO,2
2376,JACQUES,5
2377,JADA,1
2378,JADEN,2
2379,JAGO,1
2380,JAJA,5
2381,JAK,1
2382,JAKU,5
2383,JAMES,5
2384,JAMISON,5
2385,JANE,1
2386,JANIE,2
2387,JASMIN,1
2388,JASPER JAMES,3
2389,JAXY,5
2390,JAYDA,4
2391,JAYJAY,1
2392,JAYLYN,3
2393,JAYTEE,4
2394,JAZZABEL,5
2395,JAZZALYNN,4
2396,JAZZIE,2
2397,JAZZMIN,4
2398,JAZZY,4
2399,JB,1
2400,JEAREK,1
2401,JEB,2
2402,JEBEDIAH,2
2403,JEEP,4
2404,JEFFREY,2
2405,JEKK,4
2406,JELLY,2
2407,JEMMA,1
2408,JENI,3
2409,JERRY,3
2410,JERSEY,5
2411,JESPER,4
2412,JESS,3
2413,JESSE LEE,3
2414,JESSI,3
2415,JESSICA,2
2416,JETER,4
2417,JEWEL,2
2418,JEWELS,2
2419,JEZABELLE,5
2420,JIFFY,4
2421,JILLIAN,3
2422,JIMMY BUCKET,5
2423,JINGLE,2
2424,JINKS,1
2425,JINXIE,2
2426,JIPUTA,1
2427,JIROU,4
2428,JJIN,5
2429,J-LO,1
2430,JOBU,5
2431,JOCKO,3
2432,JODI,4
2433,JODIEE,3
2434,JOHN,3
2435,JOHN RODGERS,2
2436,JOHNNY ROTTEN,5
2437,JOLENE,5
2438,JOLIE,3
2439,JOLLY,2
2440,JOLT,5
2441,JONATHAN,3
2442,JONES,4
2443,JONI,3
2444,JORDAN,3
2445,JOSE,2
2446,JOYFUL,2
2447,JP,4
2448,JUBIL,5
2449,JUBILEE,4
2450,JUDE,5
2451,JUDY,3
2452,JUENAU,1
2453,JUGERNAUT,5
2454,JUJU,2
2455,JULES,1
2456,JULIA,4
2457,JULIET,2
2458,JULIUS,3
2459,JUNE BUG,5
2460,JUNE CARTER,1
2461,JUNE WAYMAN,4
2462,JUNEBUG,1
2463,JUNIE,1
2464,JUNIPER,2
2465,JUPITER,5
2466,JUSTINE,2
2467,JUSTY,1
2468,K.C.,1
2469,K.O.,3
2470,KAALA,2
2471,KACI-JADE,4
2472,KADEE,3
2473,KAHANA,2
2474,KAHLESSI,4
2475,KAHLUA 2,2
2476,KAHN,4
2477,KAHNTU,2
2478,KAIALANI,4
2479,KAIDA,3
2480,KAIKEA,5
2481,KAILE'A,3
2482,KAILUA,3
2483,KAINANI,1
2484,KAIPO,4
2485,KAISHA,5
2486,KAISIE,5
2487,KAIYA,5
2488,KAIZER,2
2489,KAKKO,5
2490,KAKSI,2
2491,KALA,5
2492,KALIAH,3
2493,KALINA,4
2494,KALISTA,5
2495,KALLI,3
2496,KALLIE,3
2497,KALUULA,5
2498,KAMEA,2
2499,KAMORA,2
2500,KANALAAQ,4
2501,KANANI,2
2502,KANDOR,3
2503,KANGAROO,4
2504,KANO,1
2505,KANU,2
2506,KANUTI,4
2507,KANYE,3
2508,KAPPA,2
2509,KAPPY,1
2510,KARL,5
2511,KARRY,3
2512,KASHI,3
2513,KASKE,4
2514,KASKEA,1
2515,KASON,1
2516,KASPER,5
2517,KASSEL,2
2518,KAT,2
2519,KATALLA,5
2520,KATANA,5
2521,KATI,1
2522,KATIANNA,3
2523,KATIE ROSE,2
2524,KAVA,4
2525,KAVIK,1
2526,KAYK,4
2527,KAYMA,4
2528,KAZAK,5
2529,KAZZIE,4
2530,KC,5
2531,KC TILLISON,4
2532,KD,4
2533,KE$HA,2
2534,KEAH,2
2535,KEELO,3
2536,KEELONI,5
2537,KEENA,4
2538,KEENEYE,5
2539,KEEPER,5
2540,KEESHA,3
2541,KEESTER BOB,4
2542,KEITA,2
2543,KEITH,1
2544,KEKOA,1
2545,KELSEY,3
2546,KELTY,1
2547,KEN,3
2548,KENIA,3
2549,KENLEY,4
2550,KENNA,3
2551,KENZIE,1
2552,KEONA,5
2553,KEPLER,4
2554,KERMIT,3
2555,KERRY,1
2556,KERSHAW,3
2557,KESS,2
2558,KESUGI,4
2559,KETEL,4
2560,KEYARA,3
2561,KEY'NA,5
2562,KEYONA,2
2563,KHALESSI,2
2564,KHALI,2
2565,KHALUA,4
2566,KHATARI,5
2567,KHERNAL,4
2568,KHLOE,2
2569,KHODA,5
2570,KHOLE,5
2571,KHUMBU,3
2572,KIA,3
2573,KIAORA,2
2574,KIAYA,5
2575,KIBA,4
2576,KIEFER,4
2577,KIERA REY,4
2578,KIESHA,5
2579,KIJIK,2
2580,KIKIK,5
2581,KILAH,5
2582,KILALA,5
2583,KILEY,2
2584,KILLER,2
2585,KILLUA,2
2586,KILTER,1
2587,KILTTI,5
2588,KIMBER RENAE,1
2589,KIMCHI,1
2590,KIMIKO,5
2591,KINDLE,2
2592,KINEO,5
2593,KINGSLEY,3
2594,KINJA,4
2595,KINLEY LOVE,2
2596,KINO,2
2597,KINSEY,5
2598,KINTLA,2
2599,KISHA,5
2600,KISMET,3
2601,KITTY,1
2602,KIVA,2
2603,KIYAH,2
2604,KIZZIE,1
2605,KLEIO,4
2606,KLINK,3
2607,KLOEE,4
2608,KLUANE,5
2609,KNEESA,5
2610,KNIGHTLEY,5
2611,KNOTTY,2
2612,KNOX,4
2613,KOBY,5
2614,KODUH,3
2615,KOGA,1
2616,KOHL,2
2617,KOHU,1
2618,KOI,5
2619,KOJO,4
2620,KOKOMO,5
2621,KOKONUT,3
2622,KOKORO,2
2623,KOLSCH,1
2624,KOLYA,4
2625,KONAI,2
2626,KONDOR,3
2627,KONO,1
2628,KONRAD,1
2629,KOOSKA,5
2630,KORA,2
2631,KOSMA,5
2632,KOSMO,1
2633,KOTCHA,2
2634,KOTZEBUE,3
2635,KOVEN,4
2636,KOVIC,2
2637,KOYUK,4
2638,KOYUKUK,3
2639,KOZMO,3
2640,KOZMOS,5
2641,KRASH,3
2642,KRAZEE,3
2643,KRISHNA,4
2644,KRISKO,5
2645,KRUZE,3
2646,KRYSTAL,2
2647,KUBEL,2
2648,KUBLA KHAN,5
2649,KUKLA,1
2650,KUKO,5
2651,KUKU,5
2652,KUKUI,2
2653,KULI,2
2654,KULIK,1
2655,KUM,4
2656,KUNA,5
2657,KUPAA,1
2658,KURO,3
2659,KURO KNIGHT,5
2660,KUSKO,5
2661,KUWAIH,1
2662,KUZCO,5
2663,KY,4
2664,KYA,1
2665,KYLA,5
2666,KYLIE,4
2667,KYMBER,2
2668,KYMI,1
2669,KYNA,5
2670,KYSA,4
2671,L. B.,5
2672,LACE,2
2673,LACI,2
2674,LACY HEEDING,2
2675,LADDY,3
2676,LADY BELLA,5
2677,LADY MARIE,1
2678,LADY MOLLY,2
2679,LADY PIPER,2
2680,LADYDOG 2,5
2681,LAKA,4
2682,LAKER,3
2683,LANCE,2
2684,LANCER,5
2685,LANDO,4
2686,LANDON,4
2687,LANEY,3
2688,LANI,2
2689,LAPKA,1
2690,LAPTOP,5
2691,LARRYSPICOLI,2
2692,LARSEN,4
2693,LASKA,5
2694,LASSIE,5
2695,LATTE,3
2696,LAUREN,5
2697,LAYCEE,3
2698,LAYLEE,3
2699,LAYLO,1
2700,LAYNE,1
2701,LD GUINEVERE,3
2702,LEA,5
2703,LEASHA,1
2704,LEE HONG,3
2705,LEFTY,5
2706,LEGEND,3
2707,LEGO,3
2708,LEMIEUX,3
2709,LEMMY,5
2710,LEONARDO,2
2711,LEONITES,2
2712,LEOPOLD,4
2713,LEROY,3
2714,LEROY BROWN,4
2715,LEULEU,1
2716,LEVI,3
2717,LEWIS,2
2718,LEXE,2
2719,LHOTSE,4
2720,LIAM,3
2721,LIBBY-LU,4
2722,LICORICE,4
2723,LIEBE,5
2724,LIENA,2
2725,LIEUTENANT,3
2726,LIFE,4
2727,LIGHTNING,4
2728,LII,3
2729,L'IKA,4
2730,LIL EWOK,1
2731,LIL JEAN,2
2732,LIL MOMMA,2
2733,LILA BLUEBEL,5
2734,LILAH,3
2735,LILI,5
2736,LILITH,1
2737,LILLIANNA,4
2738,LILY MAE,3
2739,LILY RAE,3
2740,LILY SUE,4
2741,LINA AYALA,1
2742,LINDA,1
2743,LINDSEY,4
2744,LINQ,3
2745,LINUS,5
2746,LISTO,5
2747,LIT'L BLUE,2
2748,LITTLE BILL,4
2749,LITTLE BUDDY,1
2750,LITTLE BUG,3
2751,LITTLE D,2
2752,LITTLE DUDE,3
2753,LITTLE GUY,5
2754,LIVADIA,3
2755,LIVER,3
2756,LOAF,4
2757,LO-KEY,1
2758,LOLLY POP,2
2759,LOMAX,1
2760,LONA,3
2761,LONDON,3
2762,LONO,1
2763,LOOTKA,2
2764,LOUISE,3
2765,LOVEE,1
2766,LOVEY,2
2767,LOWKEY,3
2768,LT. BUDDY,5
2769,LUCAS,1
2770,LUCCA,1
2771,LUCE,1
2772,LUCIA,2
2773,LUCILLE,4
2774,LUCY 2,3
2775,LUCY BELL,1
2776,LUCY GOLDEN,5
2777,LUCY LU,1
2778,LUDO,2
2779,LUEY,1
2780,LUG,3
2781,LUIGI,4
2782,LUKKA,2
2783,LULA,2
2784,LULABELL,3
2785,LULLA,5
2786,LULU BELLE,1
2787,LUMI,1
2788,LUNA BEAN,3
2789,LUNA BELLE,1
2790,LUNA BLUE,3
2791,LUPINE,3
2792,LUTHIEN,2
2793,LUTKE,1
2794,LUXOR,3
2795,LYCOS,1
2796,LYKO,5
2797,LYNX,5
2798,LYUD,1
2799,MAC TAVISH,1
2800,MACARTHUR,2
2801,MACE WINDU,5
2802,MACEO,1
2803,MACGUIVER,4
2804,MACGYVER,2
2805,MACIE,4
2806,MACKEY,2
2807,MADDI,1
2808,MADDI BELLE,5
2809,MADDIE MAE,1
2810,MADDISON,4
2811,MADDUX,3
2812,MADI,3
2813,MAE MAE,3
2814,MAEBELL,4
2815,MAEVE,2
2816,MAEVIS,3
2817,MAGGIE BEILE,5
2818,MAGGIE MAE,2
2819,MAGGIE MAY,5
2820,MAGIC,4
2821,MAGNOLIA,5
2822,MAGNUM,2
2823,MAGS,3
2824,MAHEES,2
2825,MAIA,1
2826,MAILE,5
2827,MAINARD,2
2828,MAKA,3
2829,MAKANA,2
2830,MAKARORA,3
2831,MAKENA,3
2832,MAKO,2
2833,MAKSIM MAKS,3
2834,MAKUSHIN,2
2835,MAL,1
2836,MALENKO,4
2837,MALIBU,2
2838,MALLA,2
2839,MALLEY,5
2840,MALLEY LEE,1
2841,MALO,5
2842,MAMAS,3
2843,MAMBA,3
2844,MANLEY,3
2845,MANU,4
2846,MANUKA,5
2847,MARA,2
2848,MARCELL,3
2849,MARCO,5
2850,MARIA,5
2851,MARIE,1
2852,MARIO,5
2853,MARISHKA,2
2854,MARKER,1
2855,MARLI,4
2856,MARRON,1
2857,MARSHA MELLOW,3
2858,MARSHMALLOW,3
2859,MARSHMELLOW,5
2860,MARSY,2
2861,MARTHA W.,5
2862,MARTI,5
2863,MARTIN,5
2864,MARTINA,5
2865,MARVI,3
2866,MARY ANN,2
2867,MAURICE,5
2868,MAUSI,3
2869,MAUVI,3
2870,MAVIS JEAN,2
2871,MAX LEE,5
2872,MAXI,3
2873,MAXIMILLIAN,4
2874,MAXIMILLION,5
2875,MAXIMUSMAX,2
2876,MAXX,2
2877,MAZEL,1
2878,MAZY,2
2879,MCCOY,2
2880,MCGYVER,4
2881,MEADOW,5
2882,MEATBALL,1
2883,MEATHEAD,2
2884,MEATLOAF,5
2885,MEATY,5
2886,MECADE,5
2887,MECHO 2,4
2888,MEDINA,2
2889,MEEKAH,4
2890,MEG,5
2891,MEGAN,2
2892,MEHO,2
2893,MEISHA,3
2894,MEKA,5
2895,MEKI,2
2896,MEL,1
2897,MELLA,1
2898,MELLY,1
2899,MELO,2
2900,MEMPHIS,2
2901,MERICA,5
2902,MERLE,3
2903,MERMENTO,1
2904,MERRILL,3
2905,MERRY XMAS,5
2906,MESA,2
2907,MESHACH,4
2908,MIA (DULCI),5
2909,MIA BELLA,1
2910,MICAH,2
2911,MICHELLE,5
2912,MICK,3
2913,MICKCHOI,5
2914,MICKY,5
2915,MIDAS,2
2916,MIDGE,5
2917,MIDNA,5
2918,MIDORI,2
2919,MIEKO,3
2920,MIEMIE,1
2921,MIKA PIKA,2
2922,MIKI,3
2923,MIKKA,5
2924,MIKKI,2
2925,MIL;EY,3
2926,MILENA,1
2927,MILKA,3
2928,MIMMY,3
2929,MINDI,1
2930,MINDY,4
2931,MING MING,5
2932,MINGIN,4
2933,MINI,3
2934,MINI PEARL,2
2935,MINJI,2
2936,MINNOW,5
2937,MIOME,3
2938,MIRA,4
2939,MISCHIEF,1
2940,MISFIT,2
2941,MISHAA,5
2942,MISS LACIE JANE,3
2943,MISS LUCY,4
2944,MISS MOLLIE,4
2945,MISSY MOXEY,1
2946,MISSY SUE,3
2947,MISTY ROSE,3
2948,MITAH,3
2949,MITSKY,2
2950,MITTIE,1
2951,MITZIE,3
2952,MIXIM,3
2953,MIYA,4
2954,MIZUKI,5
2955,MKAYLA,4
2956,MLO,4
2957,MOAB,4
2958,MOBY,3
2959,MOCA,2
2960,MOCHI,1
2961,MOLAKAI,1
2962,MOLLY 2,5
2963,MOLLY BROWN,3
2964,MOLLY LOU,3
2965,MOLNI,1
2966,MONA,4
2967,MONACO,4
2968,MONSTER,1
2969,MOO,5
2970,MOO MOO,1
2971,MOOJI,2
2972,MOOKIE,5
2973,MOON,1
2974,MOONSHINE,1
2975,MOOSHA,2
2976,MOOSHKA,4
2977,MORA,4
2978,MOREMI,3
2979,MORO,1
2980,MORRIE,2
2981,MORTY,1
2982,MOSA,2
2983,MOSBIE,3
2984,MOSI,5
2985,MOSIN,5
2986,MOTCHO,2
2987,MOTLEY,2
2988,MOUSSE,2
2989,MOZZIE,2
2990,MR BIG,2
2991,MR.,2
2992,MR.SMALL,1
2993,MS LILIE,4
2994,MU XU,4
2995,MUDGE,3
2996,MUESLI,5
2997,MUFASA,4
2998,MULDER,1
2999,MULLY,4
3000,MUPPET,2
3001,MURDOCH,2
3002,MURDOCH SEAM,2
3003,MURPHY'S LAW,3
3004,MURRAY,5
3005,MUSCOTO,5
3006,MUSEY,5
3007,MUSHU,1
3008,MUSTANG SALLY,1
3009,MUSTI,1
3010,MYA DAVILA,4
3011,MYLES,4
3012,MYLO,2
3013,MYRA,4
3014,MYRNA,1
3015,MYSTIQUE,1
3016,NAAZ,5
3017,NABI,1
3018,NAGA,4
3019,NAHKOHE,5
3020,NAHLA,4
3021,NAILS TOO,3
3022,NAKI,4
3023,NAKISKI,2
3024,NAKITA,2
3025,NALAH,3
3026,NALDO,3
3027,NAMASTE,1
3028,NANA,4
3029,NANCY,5
3030,NANTAHALA,3
3031,NAPALI,5
3032,NAPOLEON,2
3033,NATALYA,5
3034,NATASHA,4
3035,NATCHIQ,4
3036,NATHLIE,5
3037,NAVA,3
3038,NAVI,2
3039,NAYA,3
3040,NAYLA,2
3041,NAZ,4
3042,NECA,2
3043,NEEKO,1
3044,NEESA,3
3045,NEESHA,2
3046,NEFFER,5
3047,NELLI,1
3048,NENO,4
3049,NERO,4
3050,NERRE,5
3051,NESSIE,2
3052,NESTLE,3
3053,NETTI,1
3054,NEVE,1
3055,NEVILLE,4
3056,NEVIN,3
3057,NEWBIE,5
3058,NIBBLER,5
3059,NICHOLAS,5
3060,NICKOLAS,4
3061,NIFFLER,3
3062,NIGEL,2
3063,NIKA,4
3064,NIKA MARIE,5
3065,NIKOLAI,4
3066,NILA,3
3067,NILCHIK,3
3068,NILLA VANILL,3
3069,NIMH,5
3070,NINA INDIANA,5
3071,NINER,1
3072,NISKA,2
3073,NIXON,5
3074,NOAH,4
3075,NOBLE,2
3076,NOCTA,4
3077,NODENS,3
3078,NOEL,4
3079,NOELLE,3
3080,NOLLAIG,4
3081,NOMAR,5
3082,NOODLE,4
3083,NOOKAH,1
3084,NOOSHKA,2
3085,NORI,1
3086,NORSE,3
3087,NOSEGOES,4
3088,NOSSI,1
3089,NOVI,1
3090,NUNATAK,3
3091,NURI,5
3092,NUSHKA,4
3093,NUSYA,4
3094,NUTMEG,5
3095,NUYA,1
3096,NYEA,5
3097,NYKE,3
3098,NYLA,3
3099,NYSSA,4
3100,OAKIE,4
3101,OAXACA JOE,2
3102,OBIWAN,5
3103,OBI-WAN,2
3104,OBOL,1
3105,OCEAN,2
3106,OCHO,2
3107,OCTAVIOUS,4
3108,O'DANNY BOY,5
3109,ODELL,5
3110,ODERUS,1
3111,ODO,3
3112,ODYSSEUS,3
3113,OGGIE,1
3114,OGUN,4
3115,OH,5
3116,OHTLI,4
3117,OJITOS,1
3118,OKEE,1
3119,OLA,5
3120,OLD PULTENEY,1
3121,OLE,3
3122,OLIVE OYL,1
3123,OLIVERFENWAY,4
3124,OLLI,4
3125,OLLY,4
3126,OLSEN,4
3127,O'LUCKY,4
3128,OLYMPUS,4
3129,OMA,3
3130,O'MALLEY,2
3131,OMAR,4
3132,OOKA,5
3133,OOLJEE,1
3134,OONA,3
3135,OOSHKA,3
3136,OPTIMUS,1
3137,OPUS,3
3138,ORKA,3
3139,ORLY,2
3140,ORPHIE,2
3141,ORRE,4
3142,ORSO NERO,3
3143,ORSON,5
3144,ORVIS,5
3145,ORZO,5
3146,OSA,4
3147,OSHA,5
3148,OSHIE,1
3149,OSLO,5
3150,OSO SPUNKY,1
3151,OTI,2
3152,OTTIE,3
3153,OTTIS,5
3154,OTTO GEIST,2
3155,OXYLUS,3
3156,PABLO,2
3157,PACHA,1
3158,PADAMAE,4
3159,PADDINGTON,5
3160,PAGE,1
3161,PALEY,1
3162,PALIN,3
3163,PALO,2
3164,PALOOPA,1
3165,PANCH,3
3166,PANCHO,2
3167,PANDORA,1
3168,PANINI,2
3169,PANTHER LILY,1
3170,PANZER,1
3171,PATERSON,1
3172,PATIENCE,2
3173,PATSY,5
3174,PATTI,4
3175,PAXON,2
3176,PAYASO,1
3177,PEA,4
3178,PEABODY,5
3179,PEACHES ANNE,1
3180,PEAK,2
3181,PEANUTBUTTER,2
3182,PEARL SHEMYA,5
3183,PEASLEY,1
3184,PEAT,2
3185,PEEBODY,3
3186,PEEKABOO,5
3187,PEEKAY,2
3188,PEGGY,5
3189,PEGGY SUE,4
3190,PELLE,3
3191,PELLY,2
3192,PENNIE,1
3193,PENNY LANE,1
3194,PENNY ROSE,5
3195,PENNYWOLF,2
3196,PEPA,1
3197,PEPE,1
3198,PEPE LE PEAU,5
3199,PEPPER ANN,1
3200,PEPPERMINT,5
3201,PEPPERMINT PATTY,1
3202,PEPSI,2
3203,PEPSI K-OZ,5
3204,PER,4
3205,PERDITA,1
3206,PERU,1
3207,PESKY,3
3208,PESO,4
3209,PESTO,4
3210,PETA,5
3211,PETEE,1
3212,PETER PAN,4
3213,PETIE,4
3214,PETRA,1
3215,PEYSA,1
3216,PEYTON,1
3217,PHIL,5
3218,PHILLIP,1
3219,PHILLY,3
3220,PHINNEAS,2
3221,PHOTON,4
3222,PHYLLIS DILLER,4
3223,PI,5
3224,PICARD,1
3225,PICCOLA,5
3226,PICO,2
3227,PIERRE,2
3228,PIGEON,3
3229,PIGGLES,2
3230,PIGLET,1
3231,PIKACHU,5
3232,PILAR,4
3233,PIMENTO,3
3234,PINKIE,4
3235,PINKIE PIE,4
3236,PINT,5
3237,PIPPA,2
3238,PIPPIN,3
3239,PISTOL,5
3240,PISTOL PETE,1
3241,PJ,2
3242,PLACER,3
3243,PLATO,3
3244,PLAYA,2
3245,PLAYER,4
3246,PLINY,3
3247,PLUTO,3
3248,POCCA,3
3249,POCHI,3
3250,POCKET,3
3251,POCO,1
3252,PODNCK,2
3253,POE,4
3254,POKEY,2
3255,POKITZ,3
3256,POKY,2
3257,POLA,4
3258,POLAR EXPRES,4
3259,POLDI,3
3260,POLU,5
3261,PONG PONG,1
3262,PONGO,3
3263,PONYO,2
3264,POOCHIE,3
3265,POO-CHIE,4
3266,POOKAH,2
3267,POOPIE,1
3268,POOPY,1
3269,POPO,1
3270,POPPY JO,1
3271,PORK CHOP,4
3272,PORKCHOP,4
3273,PORSCHA,2
3274,PORTHOS,3
3275,POSEIDAN,4
3276,POTTER,1
3277,POWND,5
3278,POYKA,4
3279,PRANCER,1
3280,PRESTO,4
3281,PRIM ROSE,5
3282,PRIMROSE,4
3283,PRIN. KAMIRA,4
3284,PRINCE FREDR,1
3285,PRINCESS LEA,5
3286,PRINCESS ROSEBUD,2
3287,PRINCETON,2
3288,PRISSY,4
3289,PRO.FINBAR,2
3290,PSYCH,1
3291,PUA,1
3292,PUAKO,4
3293,PUCKER BUTT,3
3294,PUDDLE,2
3295,PUERQUITO,3
3296,PUFF,5
3297,PUFFIN,4
3298,PUGSLEY,1
3299,PUGSY,3
3300,PUK PUY,4
3301,PUKU,3
3302,PUMA,2
3303,PUNK,4
3304,PUNKY,1
3305,PUNZI,2
3306,PUPPY,1
3307,PURDY,5
3308,PURPLE RAIN,1
3309,PUZZLES,5
3310,PY,3
3311,Q,5
3312,QI,3
3313,QIVLIQ,5
3314,QUARTZ,3
3315,QUEENY,3
3316,QUESSI,5
3317,QUEST,1
3318,QUIANA,5
3319,QUIGLEY,4
3320,QUILL,3
3321,QUINCY,2
3322,QUOYLE,5
3323,RACHEL,5
3324,RAEDO,1
3325,RAGGS,2
3326,RAIN,4
3327,RAINA,1
3328,RAINE,3
3329,RAINFLY,2
3330,RAINY,1
3331,RAIVO,3
3332,RAJ,1
3333,RALLY,4
3334,RAMON,1
3335,RAMONA,5
3336,RAMPAGE,4
3337,RAMSEY,3
3338,RAND PAUL,1
3339,RANDALL,2
3340,RANDY,2
3341,RANGITIKEI,3
3342,RANSOM,2
3343,RASTA,1
3344,RAT DOG,5
3345,RATCHET,2
3346,RATON,3
3347,RAWLEY,1
3348,RAYANN,2
3349,RAYNIE MAE,1
3350,RAZ,1
3351,RAZA,3
3352,RAZEE,1
3353,RAZZLE,3
3354,REAHA,2
3355,RECOIL,5
3356,RECON,5
3357,RED BULL,4
3358,RED DOG,3
3359,REEF,3
3360,REESES,2
3361,REGINALD,4
3362,REIDELL,5
3363,REIGN,4
3364,REIKER,5
3365,REILEY,2
3366,REKA,3
3367,RELOAD,3
3368,REMEY,4
3369,RENA,2
3370,RENI,4
3371,RENNY,4
3372,REPTAR,3
3373,REVOLVER,5
3374,REXI,2
3375,REYES,3
3376,REYNA,5
3377,RHAEGAL,5
3378,RHAEGER,1
3379,RHAETIA,2
3380,RHEA,1
3381,RHEE,2
3382,RHODIE,1
3383,RHU,4
3384,RIBBON,1
3385,RICHTER,2
3386,RICK JAMES,2
3387,RICKI,5
3388,RICOO,5
3389,RIDDLE,2
3390,RIDLEY,2
3391,RIFLE,2
3392,RIGGINS,5
3393,RIGGS,5
3394,RIGLEY,2
3395,RIKKEY,2
3396,RIKU,1
3397,RILEE,5
3398,RILEY HOOD,1
3399,RILEY TWO,2
3400,RILIAN,3
3401,RINCON,5
3402,RINGO STAR,2
3403,RIP,4
3404,RIPLEY 2,2
3405,RIPPER,1
3406,RIPPLE,1
3407,RIPTIDE,1
3408,RISKY,2
3409,RISU,1
3410,RITA,2
3411,RIVERS,2
3412,RIVET,2
3413,RIZZLE,5
3414,RIZZO,2
3415,RJ SHILO,3
3416,ROANOKE,5
3417,ROARK,5
3418,ROBBIE JR,2
3419,ROBBY,1
3420,ROBIN,1
3421,ROBIN HOOD,1
3422,ROBY,4
3423,ROCKETT,5
3424,ROCKIE,2
3425,ROCKS,2
3426,ROCKSIE,2
3427,ROCKWELL,2
3428,ROCKY BLUE,1
3429,ROCKY ROAD,1
3430,RODDY,3
3431,RODEY,5
3432,RODRIGO,1
3433,ROIE,2
3434,ROISIN,4
3435,ROKY,2
3436,ROLAND,4
3437,ROLEX,2
3438,ROLLO,1
3439,ROMA,5
3440,ROMAC,2
3441,ROMANY BROWN,1
3442,ROMO,2
3443,RON,5
3444,RONDO,5
3445,RONDY,1
3446,RONEN,3
3447,RONI,2
3448,ROO!,5
3449,ROONEY,2
3450,RORI,1
3451,ROSA,1
3452,ROSALINE,3
3453,ROSEBUD,3
3454,ROSEE,5
3455,ROSETTA,5
3456,ROSIE DEE,1
3457,ROSS,1
3458,ROUGE,3
3459,ROULETTE,1
3460,ROUSEY MAY,2
3461,ROWDEY,5
3462,ROWZER,4
3463,ROXII,3
3464,ROXXY,3
3465,ROYAL,3
3466,ROZSA,1
3467,RUBBLE,2
3468,RUBEN,1
3469,RUBERT,3
3470,RUBIO,3
3471,RUCA,1
3472,RUCKEE,3
3473,RUDDER,4
3474,RUDOLPH,3
3475,RUE,1
3476,RUFFALO,2
3477,RUGGLES,3
3478,RUHIG,1
3479,RUKA,1
3480,RULA,4
3481,RUMBLE,5
3482,RUSSEL,1
3483,RUSTLER,5
3484,RUTHIE,4
3485,RYLEE,4
3486,S,4
3487,S KIE,4
3488,SABAKA,1
3489,SABER,4
3490,SABINE,4
3491,SABRINA,5
3492,SABUR,1
3493,SACHI,5
3494,SADIE GIRL,1
3495,SADIE MAE,3
3496,SAFFRON,2
3497,SAIDAH,2
3498,SAIGE,3
3499,SAILISH,1
3500,SAINT ELIAS,1
3501,SAKA,1
3502,SAKA MOTO,5
3503,SAKARI ESKA,3
3504,SAKE,2
3505,SAKI,3
3506,SAKO,4
3507,SAKURA,4
3508,SALA,3
3509,SALEM,5
3510,SALTY,1
3511,SAMARA,4
3512,SAMBA,1
3513,SAMBO,1
3514,SAMMI JO,2
3515,SAMUEL,1
3516,SAMURAI,3
3517,SANCHO,3
3518,SANDIE,5
3519,SANDY PALMER,5
3520,SANTIAGO,1
3521,SANTINO,5
3522,SANZ,2
3523,SAPPER,3
3524,SAPPHIRE,2
3525,SARAFINA,2
3526,SARGENT,4
3527,SAROO,1
3528,SASCHA,4
3529,SASKIA,1
3530,SATCHEL,3
3531,SATIVA,4
3532,SATO,4
3533,SAVAGE,4
3534,SAWYER,4
3535,SAYA,3
3536,SAYDEE,4
3537,SCAMPY,5
3538,SCARFACE,3
3539,SCHATZI,2
3540,SCHATZY,4
3541,SCHOONER,2
3542,SCHROEDER,2
3543,SCHULER,4
3544,SCHWARZ,1
3545,SCRAPS,5
3546,SCRATCH,2
3547,SCREWBALL,4
3548,SCRUGGS,2
3549,SEABRO,4
3550,SEAMORE,3
3551,SEDONA PIP,4
3552,SEELEY,4
3553,SENETORI,2
3554,SERVET,5
3555,SESOLIK,3
3556,SEVERAS,5
3557,SHABLU,2
3558,SHACK,1
3559,SHAG,2
3560,SHAGGY,1
3561,SHAHARA,4
3562,SHAI,3
3563,SHAKIE,3
3564,SHANA,5
3565,SHANNON,3
3566,SHANOOK,1
3567,SHARKEY,5
3568,SHARPIE,3
3569,SHASHA,3
3570,SHAWN,5
3571,SHAWNI,1
3572,SHAY,1
3573,SHEA,5
3574,SHEBAH BEAR,2
3575,SHEEBAH,2
3576,SHEENA,5
3577,SHEEP,3
3578,SHEIA,2
3579,SHEILA,4
3580,SHELL,5
3581,SHELLY,3
3582,SHEP,4
3583,SHERLOCK,2
3584,SHERPA,4
3585,SHIBA,2
3586,SHINE,4
3587,SHINOOK,3
3588,SHIPPO,1
3589,SHIRA,2
3590,SHIRLEY FEENIE,3
3591,SHOESHINE,2
3592,SHOKAN,4
3593,SHOOTER,1
3594,SHORTI,5
3595,SHOSHANA,1
3596,SHUFTI,4
3597,SHYLA,5
3598,SHYLO,1
3599,SHYTIA,4
3600,SIG,2
3601,SIGNE,2
3602,SIKU,2
3603,SILAS,4
3604,SILKIE,1
3605,SILVER,3
3606,SILVER BELLE,5
3607,SILVIE,5
3608,SIMCOE,1
3609,SIMKA,3
3610,SIN TU,5
3611,SINA,4
3612,SINEW,3
3613,SINJIN,3
3614,SIR,1
3615,SIR FRANCIS,1
3616,SIR LOIN TIP,1
3617,SIR RONSON,5
3618,SIRI,2
3619,SISCO,3
3620,SISSY,2
3621,SITA,3
3622,SITKA ROSE,3
3623,SKA-DOO,3
3624,SKADTHI,4
3625,SKAGIT,4
3626,SKEEZ,2
3627,SKEEZIX,5
3628,SKI,1
3629,SKIMO,1
3630,SKIP,3
3631,SKIPPER LEE,1
3632,SKODA,2
3633,SKOOKUM,5
3634,SKOTITO FRISKITO,1
3635,SLAPPY,3
3636,SLATER,1
3637,SLEEPY,2
3638,SLINKY,5
3639,SLOOPY,4
3640,SLUICE,2
3641,SMASH,5
3642,SMIKE,5
3643,SMOKIN JOE,2
3644,SMOKY,1
3645,SMOOTH,2
3646,SMUDGE,2
3647,SNEW,5
3648,SNIPE,2
3649,SNIPER RIFLE,2
3650,SNORT,5
3651,SNOW BALL,3
3652,SNOWEE,3
3653,SNOWFLAKE,2
3654,SNOWFLY,5
3655,SNUFFY,3
3656,SNUGGLES,4
3657,SOCHI,5
3658,SOCKS,3
3659,SOFIA,4
3660,SOFIE,2
3661,SOHPIE,1
3662,SOLAR,3
3663,SOLDIER,1
3664,SOLI,4
3665,SONIC,1
3666,SONJA,1
3667,SONNE,4
3668,SONNIE,4
3669,SONOMA,2
3670,SONYA,1
3671,SORA,4
3672,SOUJI,4
3673,SOUNDER,1
3674,SPANKY,2
3675,SPARK PUG,1
3676,SPARKLE,2
3677,SPARKLE GIRL,1
3678,SPARKLES,1
3679,SPARKS,4
3680,SPARLEY,2
3681,SPARROW,2
3682,SPARTICUS,4
3683,SPAZ,3
3684,SPEC,3
3685,SPECK,3
3686,SPECKLES,1
3687,SPEEDY,5
3688,SPIDER MAN,5
3689,SPIKES,4
3690,SPITFIRE,4
3691,SPOOK,1
3692,SPOTAN,5
3693,SPREE,4
3694,SPRING,3
3695,SPRINGZ,3
3696,SPRITZEN,3
3697,SPRUCE,5
3698,SPUDD,4
3699,SPUDS,4
3700,SQUALL,5
3701,SQUARE,3
3702,SQUEEK,5
3703,ST. AUGUSTINE,3
3704,STACHE,5
3705,STALEY BEAR,4
3706,STAMPIE,4
3707,STARK,3
3708,STARSHINE,4
3709,STEEL,3
3710,STEIN,3
3711,STELLA.LUNA,4
3712,STORMER,4
3713,STORMIE,4
3714,STOUT,1
3715,STOUT-LEE,4
3716,STRETCH,5
3717,STRIKER,2
3718,STRYDER,5
3719,STRYKER,4
3720,STUART LITTLE,2
3721,STUBBS,3
3722,STUNNER,2
3723,SUBIE,2
3724,SUE SUE,2
3725,SUE-SUE,5
3726,SUGAR JOE,2
3727,SUGAR RAY,5
3728,SULLI,1
3729,SULLIVAN,3
3730,SULU,4
3731,SUMITT,5
3732,SUMMER THYME,1
3733,SUNDANCE,3
3734,SUNNIE GRACE,2
3735,SURRI,5
3736,SUZIE,2
3737,SUZY LOU,3
3738,SUZY Q,4
3739,SWEENEY,1
3740,SWEETHEART,1
3741,SWEETIE PIE,2
3742,SWEETY,3
3743,SWETTIE,3
3744,SWIPER,1
3745,SWISS,1
3746,SWIVEL,5
3747,SWIVEL SHOT,5
3748,SYDNEY MARIE,3
3749,SYLAR,2
3750,SYLVIE,1
3751,SYNCH,1
3752,SYRAH,2
3753,T. C.,2
3754,T.REXI,1
3755,TACKLA,4
3756,TAESHIA,1
3757,TAITTI,3
3758,TAJ,3
3759,TAKA,5
3760,TAKU DENALI,1
3761,TALACHULITNA,3
3762,TALIA,3
3763,TALIN,1
3764,TALLUAH,3
3765,TAMI,5
3766,TANA,1
3767,TANAINA,4
3768,TANANDO,5
3769,TANGIE,4
3770,TANKY,5
3771,TANNA,2
3772,TANNY,5
3773,TANZA,3
3774,TAPPER,3
3775,TARA,4
3776,TARGA,5
3777,TARGET,3
3778,TARK,5
3779,TARKUS,5
3780,TASHA-BELLE,5
3781,TATER TOTT,4
3782,TATIA,3
3783,TATIANA,3
3784,TATIYANNA,3
3785,TAVISH,4
3786,TAWNY,3
3787,TAZI,4
3788,TAZO,2
3789,TAZZ,2
3790,TAZZEE,3
3791,TAZZIE,4
3792,TBONE,5
3793,T-DAWG,1
3794,TEACUP,2
3795,TEAGAN,2
3796,TEAL,2
3797,TECKLA,2
3798,TEDDI,4
3799,TEDDY BEAR,4
3800,TEDDY RUXPIN,2
3801,TEETE,1
3802,TEGAN,3
3803,TEINE,4
3804,TEK,3
3805,TEKO,2
3806,TEKONA,2
3807,TELLY,4
3808,TENAKEE,5
3809,TENNESSEE,4
3810,TERRA,3
3811,TERRA BELLA,4
3812,TETSUO,1
3813,TEVA,5
3814,TEZI,5
3815,THANOS,1
3816,THE DUDE,3
3817,THEADORA,1
3818,THENOS,5
3819,THEOFREEDOM,5
3820,THOMAS,2
3821,THORA,1
3822,THORYN,4
3823,TIANA,4
3824,TIBERIUS,4
3825,TIBET,2
3826,TICANI,1
3827,TIDBIT,1
3828,TIERRIA,3
3829,TIGEY,1
3830,TIGGY,2
3831,TIKAANI RIVER,2
3832,TIKANI PEARL,1
3833,TIKKI,1
3834,TILA,5
3835,TILLAMOOK,2
3836,TILT,5
3837,TIMBA,4
3838,TIMBRE,3
3839,TIMMY,3
3840,TIMOTHY,5
3841,TINGNOI,1
3842,TINGTING,5
3843,TINKA,4
3844,TINKER BELL,1
3845,TINKER BELLE,1
3846,TINKERBELLA,1
3847,TINO,5
3848,TINY,3
3849,TIP,3
3850,TIPPER,2
3851,TIPPY,1
3852,TISHKA,3
3853,TITO BUTZKE,4
3854,TK,2
3855,TOAST,5
3856,TOASTY,4
3857,TOBIN,4
3858,TOBO JET,3
3859,TOD,4
3860,TOJI,4
3861,TOKI,1
3862,TOKLAT,1
3863,TOLI,3
3864,TOLMIN,2
3865,TOMODASHI II,2
3866,TONTO,5
3867,TOO TOO,4
3868,TOOT,1
3869,TOOTSIE,4
3870,TOPO,4
3871,TOPPER,3
3872,TORO,5
3873,TORPEDO,4
3874,TOSHI,3
3875,TOVIA,5
3876,TOWELIE,3
3877,TOWZER,1
3878,TOYA,4
3879,TRACY,5
3880,TRANGO,3
3881,TRAVELER,2
3882,TRAX,2
3883,TRE,3
3884,TREX,1
3885,TREY,5
3886,TRICKIE,2
3887,TRICKSIE,5
3888,TRIP,3
3889,TRISCUIT,2
3890,TROUPER,2
3891,TROUT,1
3892,TRUCK,2
3893,TRUE,1
3894,TRUFFLES,3
3895,TRUMP,2
3896,TRYGG,2
3897,TRYP,1
3898,TSUGA,5
3899,TUBBY,3
3900,TUBS,3
3901,TUGARUS,5
3902,TUGG,2
3903,TUK,3
3904,TUKO,4
3905,TULLA,4
3906,TUMI,1
3907,TUNA,2
3908,TUPE,3
3909,TUPIN,1
3910,TURKEY,4
3911,TURKISH,1
3912,TURTLE,4
3913,TUSKER,1
3914,TUTSI,1
3915,TUXEDO,2
3916,TUYUK,3
3917,TWIGGY,2
3918,TWILIGHT,2
3919,TWINK,2
3920,TWINKY,5
3921,TWISTER,5
3922,TWITTER,1
3923,TY,5
3924,TYCHO,2
3925,UGLY,5
3926,ULBRECHT,5
3927,ULLA,3
3928,ULLAR,4
3929,ULLER,2
3930,UMA,4
3931,UMBRO,3
3932,URSUS,4
3933,USZKA,5
3934,VALENTINO,4
3935,VALERIE,2
3936,VALLEY,2
3937,VALOR,3
3938,VAN,4
3939,VAUGHN,4
3940,VELLA MARIE,4
3941,VELMA,5
3942,VENN,4
3943,VENNY,1
3944,VENTA GUMS,2
3945,VENTI,1
3946,VENUS,2
3947,VERDE,3
3948,VERN,5
3949,VERONA,5
3950,VESPA,5
3951,VESPER,2
3952,VIA,2
3953,VICTORIA,2
3954,VIDA LOCA,1
3955,VIENNA,3
3956,VIGO,4
3957,VIKING,4
3958,VINCENT,2
3959,VINCENZO,2
3960,VITO,5
3961,VIVIAN,3
3962,VJ,1
3963,VLADIMIR,3
3964,VOLTA,4
3965,VOODOO,2
3966,WABB,2
3967,WAFFLES,4
3968,WALDO,2
3969,WALDO V,2
3970,WALLE,1
3971,WALLEY,1
3972,WALNUT,1
3973,WARD,3
3974,WARLOPCK,4
3975,WARREN,4
3976,WAYLON,2
3977,WEASEL,2
3978,WEATHERBY,3
3979,WEBLEY,1
3980,WEENIE,5
3981,WELBY,4
3982,WELLER,2
3983,WELLINGTON,3
3984,WENDELL,4
3985,WENSLEY,5
3986,WEST,2
3987,WESTWOOD,4
3988,WHEEZY,5
3989,WHIMSY,1
3990,WHINNIE,4
3991,WHIRRLEY,4
3992,WHISKEY GIRL,4
3993,WHITNEY,3
3994,WIGGLES,4
3995,WILBERT,3
3996,WILBUR,5
3997,WILE E,2
3998,WILEY COYOTE,5
3999,WILHELMINA,4
4000,WILL,3
4001,WILLIAM,1
4002,WILLIS,4
4003,WILLIWAW,5
4004,WILLOUGHBY,1
4005,WILLOW GRACE,2
4006,WILLOW KAYA,2
4007,WILLS,4
4008,WILMA,2
4009,WIMBLY,4
4010,WINNIE POOH,5
4011,WINNIFRED,3
4012,WINSTON II,4
4013,WINTER,1
4014,WOLFE,1
4015,WOLFIE,2
4016,WONDER,4
4017,WOODY,1
4018,WOOKIE,1
4019,WOOKIEE,4
4020,WOOTIE,4
4021,WOPPER,5
4022,WRANGLER,5
4023,WRINKLES,4
4024,WULA,5
4025,WYNN,5
4026,X,3
4027,XAADAS,4
4028,XAN,2
4029,XANADY,2
4030,XERXES,5
4031,XINA,5
4032,XUN,3
4033,XYLA,2
4034,YAGER,4
4035,YALLA,4
4036,YARA,2
4037,YARROW,4
4038,YAYO,2
4039,YENTRA,4
4040,YIPPEE,3
4041,YKSI,1
4042,YOBO,5
4043,YOLA,5
4044,YOLI,5
4045,YONAH,2
4046,YUGI,2
4047,YUM YUM,4
4048,YUMA,4
4049,YUMI,4
4050,YUUKO,5
4051,YZMA,1
4052,ZADER,2
4053,ZADIE,4
4054,ZAHA,4
4055,ZAIRE,4
4056,ZAMBI,4
4057,ZAMBO,4
4058,ZANDER,1
4059,ZANE,5
4060,ZAYCA,1
4061,ZAZEE,3
4062,ZEB,2
4063,ZEEK,1
4064,ZEEKE,1
4065,ZEEVAH,1
4066,ZEISHA,1
4067,ZEN,5
4068,ZEPHER,1
4069,ZEURY,5
4070,ZEYA,4
4071,ZIESA,3
4072,ZIGGS,2
4073,ZILI,3
4074,ZILKER,4
4075,ZIMA,2
4076,ZION,4
4077,ZIP,4
4078,ZIPPY KITTY,4
4079,ZIVA RANAE,5
4080,ZOEY DAISY,4
4081,ZOEY MARIE,5
4082,ZONA,4
4083,ZOOIE,1
4084,ZORBA,5
4085,ZORRA,3
4086,ZOTTER,3
4087,ZSA ZSA,1
4088,ZUILA,3
4089,ZUNI,1
4090,ZURI,1
